category,title,url,price
smartphones,"Điện thoại thông minh POCO C75 (6+128GB | 8+256GB) | Màn hình 6,88"" | Pin 5160mAh | Camera kép 50MP AI",https://www.lazada.vn/products/pdp-i3218897360.html,2.840.000 ₫
smartphones,"Điện thoại thông minh REDMI Note 14 Pro+ 5G (8+256GB) | Màn hình 6.67"" | Snap 7S Gen 3 | Camera AI 200MP",https://www.lazada.vn/products/pdp-i3216375050.html,8.720.000 ₫
smartphones,iPhone 17 Pro Max - Hàng Chính Hãng VN/A,https://www.lazada.vn/products/pdp-i3179765981.html,39.990.000 ₫
smartphones,"Điện thoại bền chắc Oukitel WP22 (HĐH Android 13 Pin 10000mAh, 8GB + 256GB, Helio P90 Camera 48MP, Màn hình 6,58 inch)",https://www.lazada.vn/products/pdp-i3226971018.html,693.000 ₫
smartphones,"Điện thoại siêu phẩm mi Mi 15 Utra Cấu hình mạnh, cày game nặng siêu mượt (16+512GB) | Màn hình 6.73 bảo hành 12 tháng",https://www.lazada.vn/products/pdp-i3226959032.html,1.050.000 ₫
smartphones,iPhone 16 Pro Max - Hàng Chính Hãng VN/A,https://www.lazada.vn/products/pdp-i2792189799.html,32.290.000 ₫
smartphones,iPhone 15 - Hàng Chính Hãng VN/A,https://www.lazada.vn/products/pdp-i2417259469.html,16.390.000 ₫
smartphones,"Điện thoại siêu phẩm SS_ A72 5G (8GB/256GB) hàng chính hãng mới 100%, Bảo hành chính hãng 12 tháng trên toàn quốc",https://www.lazada.vn/products/pdp-i3226761810.html,574.000 ₫
smartphones,"Điện thoại SS 24ut máy 2sim mới 100% ram 12G/512G Hàng Chính Hãng, bảo hành 12 tháng",https://www.lazada.vn/products/pdp-i3226447952.html,840.000 ₫
smartphones,"Điện thoại siêu phẩm SS_ A55 5G (8Gb/128GB)-hàng chính hãng mới 100%, Bảo hành chính hãng 12 tháng.trên toàn quốc",https://www.lazada.vn/products/pdp-i3226965025.html,665.000 ₫
smartphones,"Điện thoại siêu phẩm mi Mi 15 Utra Cấu hình mạnh, cày game nặng siêu mượt (16+512GB) | Màn hình 6.73 bảo hành 12 tháng",https://www.lazada.vn/products/pdp-i3226426938.html,1.050.000 ₫
smartphones,"Điện thoại giá rẻ Samsung Galaxy A71 2sim ram 8G/128G, Cấu hình Cao Chiến mọi Game mượt, Chụp ảnh đẹp, - BM1",https://www.lazada.vn/products/pdp-i3229148138.html,298.000 ₫
smartphones,"Điện thoại Ss M51 2sim ram 8G/128G, Hàng Chính Hãng, bảo hành 12 tháng Chụp ảnh đẹp, VÂN TAY OK",https://www.lazada.vn/products/pdp-i3226945057.html,490.000 ₫
smartphones,"Điện Thoại Sony Xperia XZ2 Compact, Chip Snapdragon 845, Ram 4/64GB. SonPixel",https://www.lazada.vn/products/pdp-i2604813299.html,1.743.000 ₫
smartphones,"Điện Thoại Thông Minh 5S quốc tế, kèm sạc, bảo hành 3 tháng",https://www.lazada.vn/products/pdp-i3217465970.html,450.000 ₫
smartphones,"Điện thoại chắc chắn Ulefone Armor 27T Pro 5G( 24GB/256GB) Pin 10600mAh, Android 14 ,màn hình 6,78 bảo hành 1 năm có NFC",https://www.lazada.vn/products/pdp-i3226620802.html,839.300 ₫
smartphones,Điện thoại di động Siêu CPU Đt Camera 108/72MP điện thoại giá siêu rẻ Android Giao hàng nhận tiền Cấu hình mạnh đỉnh Điện thoại phổ thông Pin trâu 8000mAh gaming phone Hỗ trợ 4G/5G đien thoại giá rẻ nhất Hàng mới về Cellphones,https://www.lazada.vn/products/pdp-i3020546831.html,1.204.960 ₫
smartphones,điện thoại SS.A10s 2sim ram 3G bộ nhớ trong 32GB nguyên zin đẹp keng,https://www.lazada.vn/products/pdp-i3139382615.html,699.000 ₫
smartphones,"Điện thoại giá rẻ chữa cháy giá rẻ cho học sinh ,sinh viên , Samsung Galaxy J7 Prime 2sim ram 2G/16G Chính Hãng, Bảo hành 12 Tháng, Cảm ứng mượt lướt Wed Zalo FB Youtube chất",https://www.lazada.vn/products/pdp-i2862520896.html,568.000 ₫
smartphones,"Điện thoại giá rẻ Samsung Galaxy A71 2sim ram 8G/128G, Cấu hình Cao Chiến mọi Game mượt, Chụp ảnh đẹp, - BM1SS",https://www.lazada.vn/products/pdp-i2858697503.html,298.000 ₫
smartphones,"Điện thoại 6300 4G ,Màn hình 2.4inch,pin 1500mAh - Mới Fullbox",https://www.lazada.vn/products/pdp-i3087532746.html,399.000 ₫
smartphones,"[ RẺ HỦY DIỆT ] điện thoại 4G Samsung Galaxy Note 9 ram 6G/128G Chính Hãng, Chiến Game mượt, Chụp ảnh siêu đẹp - Máy đủ máu, MYSS",https://www.lazada.vn/products/pdp-i2890895031.html,298.000 ₫
smartphones,"[SALE BRAND DAY - TỪ 20H 30.10] [KIỂM TRA GIỎ HÀNG] Điện thoại Samsung Galaxy S25 Ultra (256GB | 512GB), Điện thoại AI, Tìm kiếm thông minh, Video camera đêm Nightography, S Pen đa nhiệm",https://www.lazada.vn/products/pdp-i2978129024.html,31.990.000 ₫
smartphones,iPhone 14 - Hàng Chính Hãng VN/A,https://www.lazada.vn/products/pdp-i2018265056.html,13.290.000 ₫
smartphones,Điện thoại Mướt Game Bộ nhớ 16+512GB Điện thoại di động Cấu hình mạnh đỉnh giá bán rẻ Sạc nhanh đt giá rẻ cho hs Android Chính Hãng điện thoại giá rẻ,https://www.lazada.vn/products/pdp-i3082229188.html,1.117.383 ₫
smartphones,"Điện thoại SS 22ut máy 2sim ram 12G/256G Chính Hãng, bảo hành 12 tháng có NFC",https://www.lazada.vn/products/pdp-i3229733014.html,700.000 ₫
smartphones,Điện thoại Xiaomi Mi 11 Lite 5G Ram 8GB bộ nhớ 128GB chính hãng full chức năng_MBMS,https://www.lazada.vn/products/pdp-i2880131373.html,298.000 ₫
smartphones,Điện Thoại Nokia 206 ( 2 sim 2 sóng ),https://www.lazada.vn/products/pdp-i275978714.html,950.000 ₫
smartphones,"[SALE SỐC] điện thoại Y56 5G ram 8G/256G 2sim màn hình to, Camera siêu đẹp, cấu hình khủng, Cày Game nặng siêu mượt mà- BN",https://www.lazada.vn/products/pdp-i3008603977.html,299.000 ₫
smartphones,"Điện thoại máy chiếu Unihertz Tank 4 Pro 5G Ram 36gb Rom 1TB, Android 14,pin 11600mAh, màn hình 6.73 sản xuất 2025 hàng chính hãng",https://www.lazada.vn/products/pdp-i3226482884.html,1.050.000 ₫
laptops,"CHUWI | Máy Tính Xách Tay Gaming Mỏng Nhẹ Hiệu Suất Cao Intel Core Thế Hệ 12, 6 Nhân 8 Luồng, 14 inch 2K",https://www.lazada.vn/products/pdp-i3197230140.html,9.469.000 ₫
laptops,laptop i3 siêu đẹp,https://www.lazada.vn/products/pdp-i1160774992.html,1.299.999 ₫
laptops,Laptop Lenovo ThinkBook 16 G8 IRL 21SH0093VA | Core 5 210H | 16GB | 512GSSD | 16″ WUXGA | NoOS | Arctic Grey | Hàng chính hãng,https://www.lazada.vn/products/pdp-i3187380521.html,19.999.000 ₫
laptops,MacBook Air 2020 13.3 inches M1- Hàng Chính Hãng,https://www.lazada.vn/products/pdp-i1040858590.html,18.390.000 ₫
laptops,Laptop bỏ túi Onemix GPD 7 inch ram 8GB chip lõi tứ màn hình cảm ứng cực kỳ nhỏ gọn,https://www.lazada.vn/products/pdp-i2138708138.html,6.970.000 ₫
laptops,Máy Tính Xách Tay Laptop Samsung Galaxy Chromebook Go XE310XDA N4500/4GB/32GB/ChromeOS - Hàng Chính Hãng,https://www.lazada.vn/products/pdp-i2835015376.html,4.990.000 ₫
laptops,Microsoft Surface Laptop 2 13.5 inch Nhập Khẩu Mỹ/ 2K cảm ứng - Intel Core I5/I7 RAM 8GB/16GB SSD 128/256/512GB Tặng kèm sạc theo máy Chính hãng,https://www.lazada.vn/products/pdp-i2262675911.html,8.090.000 ₫
laptops,Laptop Dell Latitude 7270 CPU I5 Gen 6 Ram 8Gb SSD 256Gb Màn hình 12.5Inch HD BH Dài Hạn,https://www.lazada.vn/products/pdp-i2968549891.html,250.000 ₫
laptops,laptop toshiba z35 cực mạnh - i5 6200U U Ram 16GB SSD 256G,https://www.lazada.vn/products/pdp-i2590786738.html,2.900.000 ₫
laptops,laptop đời cao i5 ko lên nguồn,https://www.lazada.vn/products/pdp-i3058707851.html,399.999 ₫
laptops,"Xương Máy tính Laptop Thinkpad X1 Cacbon Gen 8 Core i5 8250U, Ram 8, SSD 256, 14inch Full HD",https://www.lazada.vn/products/pdp-i2010022637.html,2.000 ₫
laptops,Laptop Dell Latitude E5280 màn 12.5 inch - Core i5 7300u 8G 256G SSD,https://www.lazada.vn/products/pdp-i2479684785.html,3.588.000 ₫
laptops,"Laptop Asus X44H core i3 - thanh lý - giải trí, văn phòng",https://www.lazada.vn/products/pdp-i3190757292.html,1.200.000 ₫
laptops,Laptop Xách Tay 4G Core i5 BH 9/2025,https://www.lazada.vn/products/pdp-i2784809259.html,2.000.000 ₫
laptops,MacBook Air M2 13-inch 16GB/256GB - Hàng Chính Hãng,https://www.lazada.vn/products/pdp-i2874118214.html,22.190.000 ₫
laptops,"Máy tính Laptop Dell Laititude 7490 Core i5, Ram 8, SSD 256, 14inch Full HD",https://www.lazada.vn/products/pdp-i2010015724.html,5.300.000 ₫
laptops,"Laptop 2 trong 1 kiêm máy tính bảng Fujitsu Arrows Q507 Atom X5-Z8550, 4gb Ram 128gb SSD, màn 10.1inch Full HD cảm ứng",https://www.lazada.vn/products/pdp-i1070358366.html,1.350.000 ₫
laptops,Laptop MSI Stealth 14 AI Studio A1VFG New | Intel Core Ultra 7 155H | RAM 32GB | 1TB SSD | RTX 4060| 14 Inch 2.8K 120Hz,https://www.lazada.vn/products/pdp-i2629969468.html,52.900.000 ₫
laptops,"Laptop Asus VivoBook S Flip 14 TP3402 Core i7-12700H, 24gb Ram, 1tb SSD NVME, màn 14inch Full HD cảm ứng gập 360 độ",https://www.lazada.vn/products/pdp-i2262489281.html,8.500.000 ₫
laptops,asus factory laptop Mini 100% mới 14.1 Inch intel J4105 RAM 6GB SSD 256GB máy tính xách tay Windows 10 Pro & MS Office Notebook Lenovo factory Bảo hành 3 năm,https://www.lazada.vn/products/pdp-i2420326077.html,6.899.998 ₫
laptops,laptop Toshiba Z930 siêu mỏng - i5 3337u Ram 10GB SSD 256G,https://www.lazada.vn/products/pdp-i1926374288.html,2.599.000 ₫
laptops,Máy tính laptop cấu hình đời cao chip I3 siêu khoẻ giá ưu đãi trong 7 ngày,https://www.lazada.vn/products/pdp-i2605474115.html,1.399.999 ₫
laptops,laptop toshiba i7 2630QM/8g/ssd 128g,https://www.lazada.vn/products/pdp-i3211280986.html,1.900.000 ₫
laptops,"Laptop LG gram 17'', Windows 10 Home, Intel® Core™ i7 Gen11, 16GB, 512GB, 16:10, 17Z90P-G.AH76A5 (có quà tặng)",https://www.lazada.vn/products/pdp-i1445372814.html,50.900.000 ₫
laptops,Laptop cấu hình cao chip i5 siêu mạnh,https://www.lazada.vn/products/pdp-i2645656444.html,1.599.999 ₫
laptops,Dell Inspiron 5620 (N5620-I5P165W11SLU) Core i5 _ 1240P | 16GB | 512GB SSD PCIe| 16.0 inch Full HD+ | Win 11 _ Office 2021 | Finger | LED KEY| Hàng Chính Hãng,https://www.lazada.vn/products/pdp-i2055672835.html,18.799.000 ₫
laptops,Laptop Asus Vivobook Go 14 E1404FA-EB482W (Ryzen 5 7520U/ Onboard graphics/ 16GB/ 512GB/ Windows 11) - Bảo hành 24 tháng,https://www.lazada.vn/products/pdp-i3179770567.html,11.450.000 ₫
laptops,"Laptop Gaming Acer Nitro 5 AN515-55, Core i5-10300H, Ram 16GB, SSD 512GB, màn hình 15.6inch Full HD 144Hz, VGA RTX 2060, tặng kèm bộ quà tặng laptop",https://www.lazada.vn/products/pdp-i2606809271.html,14.000.000 ₫
laptops,Laptop Gaming Acer Predator Helios 18 - Core i7-13700HX RAM 16G SSD 512G RTX 4060 8GB Màn 18 Inch FHD 165Hz ( Bảo Hành 3 đến 12 Tháng ),https://www.lazada.vn/products/pdp-i2801988892.html,30.500.000 ₫
laptops,"Laptop 2 trong 1 NEC Versa Pro VK90 Core M5-6y54, 8gb Ram, 256gb SSD, 12 inch Full HD IPS cảm ứng",https://www.lazada.vn/products/pdp-i1075970335.html,1.500.000 ₫
laptops,"CHUWI | Máy Tính Xách Tay Intel Thế Hệ 12, Màn Hình Lớn 15.6 Inch",https://www.lazada.vn/products/pdp-i3197161309.html,6.025.000 ₫
laptops,laptop 11in Stream hàng nhập khẩu giá rẻ cho học sinh full box,https://www.lazada.vn/products/pdp-i252708632.html,1.557.000 ₫
laptops,Thành lý máy tính sách tay laptop học tập sử dụng văn phòng văn bản giải trí,https://www.lazada.vn/products/pdp-i2273037387.html,1.199.999 ₫
laptops,Laptop HP Elitebook Folio G1 Core M5-6Y54/8gb Ram/256gb SSD/12.5inch Full HD vỏ nhôm khối siêu mỏng nhẹ,https://www.lazada.vn/products/pdp-i1053478775.html,3.300.000 ₫
laptops,"Laptop Toshiba R73 Nhật Bản Chính Hãng - Chip Core i5 Thế hệ 7, Ram 8GB, Bộ Nhớ SSD 128GB",https://www.lazada.vn/products/pdp-i2938453768.html,2.750.000 ₫
laptops,"Laptop HP 4530s i5 , SSD256 siêu bền giá rẻ Giá Thì Ai Củng Mua Được bh 12thang ( Hàng Nhập Khẩu Japan)",https://www.lazada.vn/products/pdp-i251075573.html,1.998.000 ₫
laptops,[Win 10 + SSD 128gb] - Laptop Asus E200H X205TA win 10 cực mỏng nhẹ học online văn phòng xem phim lướt web,https://www.lazada.vn/products/pdp-i1916214077.html,2.170.000 ₫
laptops,laptop cũ dell giá rẻ,https://www.lazada.vn/products/pdp-i1625249468.html,1.850.000 ₫
laptops,LAPTOP xách tay giá rẻ DELL PRECISION 5540 I7 9850H RAM 16gb SSD 512gb,https://www.lazada.vn/products/pdp-i2656655480.html,17.000.000 ₫
laptops,Laptop văn phòng chiến game nhẹ tốt giá rẻ đời cao,https://www.lazada.vn/products/pdp-i984838169.html,2.550.000 ₫
laptops,"Laptop Sony Vaio PCG-717 Core i5, 8gb ram, 240gb SSD, 15.6"" HD nhiều máu sắc đẹp",https://www.lazada.vn/products/pdp-i2023789332.html,3.000.000 ₫
laptops,"Laptop MSI Katana GF76 cấu hình khủng, Core i7-11800H, Ram 16GB, SSD 512GB, màn hình 17.3inch Fulll HD, VGA RTX 3060, tặng kèm bộ quà tặng cao cấp",https://www.lazada.vn/products/pdp-i2605752178.html,18.800.000 ₫
laptops,"Laptop Microsoft Surface Pro 7 Plus chính hãng Nhập Khẩu Mỹ | Intel Core i5, i7-1135G7 | Kèm phím Chính hãng , tặng kèm sạc | Playmobile",https://www.lazada.vn/products/pdp-i2470809428.html,11.590.000 ₫
laptops,Laptop cơ bản có WIFI ổ SSD 128GB windows 10 Ram 4G màn hình 14 inch có kèm bộ nguồn hoạt động OK (BH 1 năm),https://www.lazada.vn/products/pdp-i2126990740.html,2.290.000 ₫
laptops,laptop hp giá rẻ cũ,https://www.lazada.vn/products/pdp-i1939363050.html,1.700.000 ₫
tablets,Ibuprofen Tablets USP 200mg 500v hàng Mỹ,https://www.lazada.vn/products/pdp-i3229354753.html,400.000 ₫
tablets,"Máy tính bảng , siêu mạnh, nhỏ gọn 8,7 inch, xài được sim 4g + wifi Samsung Galaxy Tab",https://www.lazada.vn/products/pdp-i2641923822.html,250.000 ₫
tablets,"Máy tính bảng P70 12 inch RAM 16GB ROM 1TB Android 13 15000mAh 24MP 48MP camera HD, Snapdragon 888, tần số quét cao 60Hz, hỗ trợ 4/5G, WiFi, Bluetooth, GPS và các tính năng khác, máy tính bảng giá rẻ, học tập, văn phòng, xem phim, chơi game.",https://www.lazada.vn/products/pdp-i3195101705.html,1.690.000 ₫
tablets,[SALE BRAND DAY - TỪ 20H 30.10] [DEAL GIỚI HẠN] Máy tính bảng Samsung Galaxy Tab A9+ Wifi (4GB/ 64GB),https://www.lazada.vn/products/pdp-i3125156450.html,3.990.000 ₫
tablets,iPad 11 (A16) WiFi - Hàng Chính Hãng,https://www.lazada.vn/products/pdp-i3060604084.html,8.990.000 ₫
tablets,Máy tính bảng HUAWEI MatePad 11.5 | 6GB+128GB | Màn Hình HUAWEI FullView 120 Hz | Bàn Phím Rời | Ứng Dụng Văn Phòng WPS 2.0 Chuẩn PC,https://www.lazada.vn/products/pdp-i3140726904.html,6.360.000 ₫
tablets,"Máy Tính Bảng Samsung Galaxy Tab A9 Wifi (4GB|64GB) X110 Chính Hãng Giá Rẻ Cấu Hình Cực Khủng Màn Hình Lớn Dành Cho Học Sinh, Sinh Viên, Văn Phòng, Người Già",https://www.lazada.vn/products/pdp-i2590594713.html,2.700.000 ₫
tablets,Máy Tính Bảng Mới 2025 Pad Pro Full Netcom 5G Android Văn Phòng Giải Trí Máy Học Game 2 Trong 1,https://www.lazada.vn/products/pdp-i3067871002.html,2.947.568 ₫
tablets,Máy tính bảng Samsung Galaxy Tab A9+ Wi-Fi 4GB/64GB,https://www.lazada.vn/products/pdp-i2634318913.html,4.211.764 ₫
tablets,Lenovo Legion Y700 máy tính bảng gaming Snapdragon 870 fullbox likenew,https://www.lazada.vn/products/pdp-i2108150994.html,6.350.000 ₫
tablets,máy tính bảng lpad gen 6 bản 4G wifi 32GB máy đẹp pin cao,https://www.lazada.vn/products/pdp-i3229173977.html,3.050.000 ₫
tablets,Máy tính bảng OPPO PAD 11 inch Snaρdragon 870 rom tiếng Việt kèm sạc 33W likenew,https://www.lazada.vn/products/pdp-i3036190503.html,5.499.000 ₫
tablets,"Máy tính bảng Samsung Galaxy Tab A9 Wifi / LTE (4GB/64GB) - Hàng chính hãng - Màn hình TFT LCD 8,7 inch, Camera sau 8MP, Pin 5100 mAh",https://www.lazada.vn/products/pdp-i2581195291.html,3.899.000 ₫
tablets,Máy Tính Bảng Lenovo Xiaoxin Pad Pro ( 2022 ) 8/128gb & 6/128GB mới Nguyên seal Snapdragon 870 Màn Oled 2.5K 120HZ | Playmobile,https://www.lazada.vn/products/pdp-i1625797795.html,5.990.000 ₫
tablets,"Máy tính bảng Samsung Galaxy Tab A9+ (wifi) 4GB 64GB - trọng lượng 480g, camera sắc nét, hiệu năng ổn định",https://www.lazada.vn/products/pdp-i2623269895.html,4.300.000 ₫
tablets,"Máy tính bảng X6 Pro Khuyến mãi lớn ban đầu 2023 Chính hãng 10,8 inch 16GB + 512GB Màn hình 8800mah Máy tính bảng Android Máy tính bảng học tập dành cho sinh viên 5G/WIFI Dual SIM để xem trò chơi Máy tính bảng giá rẻ COD",https://www.lazada.vn/products/pdp-i2388552502.html,946.827 ₫
tablets,2023 Mới Máy Tính Bảng X6 Pro 10.8 Inch 4K Toàn Màn Hình 12GB RAM + 512GB ROM Call Tablet Series 4G/5G WIFI Dual SIM Android 12.0 8800mah Type-C Máy Tính Bảng Học Tập Cho Trẻ Em Miễn Phí Vận Chuyển,https://www.lazada.vn/products/pdp-i2388575369.html,1.156.302 ₫
tablets,Máy tính bảng Lenovo Tab 4 10inch X504F ram 3G 32G - Android 7 tiếng Việt,https://www.lazada.vn/products/pdp-i3210059175.html,888.000 ₫
tablets,Máy tính bảng thông minh X6 Pro Tablet Android Bản gốc 2023 Máy tính bảng thông minh 10.8Inch 4K FHD Màn hình Buletooth 8800mAh Pin Trực tuyến Class Tablet 12GB RAM + 512GB ROM 5G WiFi Android Dành cho trẻ em Gaming Pad Giao hàng miễn phí COD,https://www.lazada.vn/products/pdp-i2388594288.html,1.156.302 ₫
tablets,"Máy tính bảng samsung màn hình 8 inch, chạy siêu mạnh, siêu mượt, học tập, xem phim, giải trí bao ngon",https://www.lazada.vn/products/pdp-i2811073661.html,749.000 ₫
tablets,Máy tính bảng 10.8 inch Bộ nhớ siêu lớn V62 16GB+512GB Màn hình hiển thị Ultra HD Android 13 Sức đề kháng 15000mAh Snapdragon 888 12 lõi Chơi nhanh Văn phòng chơi game khác nhau Mang theo máy tính bảng mỏng và nhẹ,https://www.lazada.vn/products/pdp-i2915968732.html,1.440.000 ₫
tablets,MẪU MỚI Máy tính bảng Realme Pad P70 | RAM 16GB ROM 512GB | Snapdragon 865 | SIM kép 4G+5G LTE | Pin 20000mAh,https://www.lazada.vn/products/pdp-i2522154927.html,2.299.999 ₫
tablets,Máy tính bảng P70 Cuộc gọi mạnh mẽ 3G/4G/5G Dual SIM Máy tính bảng Công suất lớn 16GB+1024B 12.0 inch 15000mAh Dung lượng cực lớn Học trò chơi Văn phòng và nhiều hơn nữa Máy tính bảng giá rẻ cho sinh viên,https://www.lazada.vn/products/pdp-i2916291628.html,1.650.000 ₫
tablets,"Máy tính bảng PSD 6S hệ thống Android 15, chip Snapdragon 888, RAM 16GB, dung lượng ROM 512GB siêu lớn, camera 24MP và 48MP độ phân giải cao, pin 15000mAh, hỗ trợ mạng di động 3/4/G, Bluetooth, GPS và các chức năng khác, mỏng nhẹ dễ mang theo cho việc",https://www.lazada.vn/products/pdp-i3195710393.html,1.400.000 ₫
tablets,Máy tính bảng Tab P70 2025 12 inch Full HD 16GB RAM 1TB ROM Android 13 5G Dual SIM 15000mAh Mua 1 tặng 6,https://www.lazada.vn/products/pdp-i2860355309.html,1.691.000 ₫
tablets,Máy tính bảng Samsung Galaxy Tab S10+ 5G 256GB - Hàng chính hãng,https://www.lazada.vn/products/pdp-i3039124127.html,18.690.000 ₫
tablets,"Microsoft Surface Pro 5 Nhập Khẩu Mỹ |Tặng kèm phím sạc chính hãng , Core I5 ,i7 7300U 4GB/8GB ram SSD 128GB/256GB màn hình 3K Tại Playmobile",https://www.lazada.vn/products/pdp-i1223944860.html,5.990.000 ₫
tablets,"Máy tính bảng HP ElitePad 1000 G2 Atom Z3795, 4gb Ram, 128gb SSD, màn 10” cảm ứng đa điểm Windows 10",https://www.lazada.vn/products/pdp-i2866009220.html,1.600.000 ₫
tablets,iPad Mini 7 WIFI 256GB Chính hãng,https://www.lazada.vn/products/pdp-i2941743346.html,16.290.000 ₫
tablets,"Máy đọc sách Kobo Clara Colour, Clara BW, Clara 2e - 6inch, 16gb - 100% newseal",https://www.lazada.vn/products/pdp-i2041510758.html,3.990.000 ₫
tablets,MÁY TÍNH BẢNG SAMSUNG TAB A T295,https://www.lazada.vn/products/pdp-i3193015254.html,939.000 ₫
tablets,Máy tính bảng Samsung tab T295 Ram 2GB bộ nhớ 32GB Android 11 sim 4G máy đẹp 99,https://www.lazada.vn/products/pdp-i2569458961.html,990.000 ₫
tablets,"Máy tính bảng lenovo học tập, màn hình 10 inch siêu bự hát karaoke, giải trí siêu ngon (hàng đã qua sử dụng)",https://www.lazada.vn/products/pdp-i2552978450.html,890.000 ₫
tablets,SAMSUNG TAB S DUNG LƯỢNG LƯU TRỮ 16GB + 512GB | KÍCH THƯỚC MÀN HÌNH 12INCH | Máy tính bảng học tập cho máy tính xách tay,https://www.lazada.vn/products/pdp-i3120591443.html,2.299.999 ₫
tablets,Máy tính bảng Surface Go 1 màn 10 inch 1800x1200p - Intel 4415Y,https://www.lazada.vn/products/pdp-i2489605861.html,1.988.000 ₫
tablets,Xác máy tính bảng Asus tablet model p008 thiếu pin,https://www.lazada.vn/products/pdp-i2576474228.html,480.000 ₫
tablets,Samsung Galaxy Tab A7 Lite – Siêu Tablet Chỉ 1.800.000 VND!,https://www.lazada.vn/products/pdp-i3038115200.html,1.590.000 ₫
tablets,Máy tính bảng cho trẻ chống sốc 10.1 inch TEKKIN TI-8010 cpu 4 nhân ram 4gb bộ nhớ 64gb,https://www.lazada.vn/products/pdp-i2674971494.html,1.599.000 ₫
tablets,Máy tính bảng Masstel Tab 8.3 3GB 32GB Chính Hãng,https://www.lazada.vn/products/pdp-i2807624162.html,1.350.000 ₫
tablets,Máy Tính Bảng Samsung Galaxy Tab A9+ Wifi 4GB/64GB - 8GB/128GB - Hàng Chính Hãng,https://www.lazada.vn/products/pdp-i2496351478.html,3.990.000 ₫
tablets,Máy tính bảng 10.1 inch TEKKIN A3 2 SIM 2 sóng nghe gọi cpu 8 nhân ram 12gb bộ nhớ 128gb tặng bao da,https://www.lazada.vn/products/pdp-i2794444419.html,2.499.000 ₫
tablets,Máy tính bảng Xiaomi Pad 7 (8+128GB | 8+256GB) | Màn hình 3.2K 144Hz siêu rõ nét | HyperAI | Vi xử lí Snapdragon® 7+ Gen 3 Mobile Platform,https://www.lazada.vn/products/pdp-i3014605556.html,10.300.000 ₫
tablets,"[SALE BRAND DAY - TỪ 20H 30.10] Máy tính bảng Samsung Galaxy Tab S10 FE (8GB/128GB), Advanced AI, S Pen đa nhiệm, Màn hình lớn 13.1""",https://www.lazada.vn/products/pdp-i3065825938.html,10.990.000 ₫
tablets,"Ugee Trio Pad UT3 Android 14 Tablet 8GB RAM + 128GB ROM ,14,25 inch Độ phân giải 2400*1600, có bút chì U, hỗ trợ 3 chế độ màu (Giấy màu + Giấy mực + Giấy thường)",https://www.lazada.vn/products/pdp-i3063297870.html,11.900.000 ₫
tablets,Máy tính bảng Lenovo Idea Tab Pro 12.7 inch màn 3k 144hz -pin 10200mah Full goolge và tiếng việt,https://www.lazada.vn/products/pdp-i3180194179.html,7.490.000 ₫
smartwatches,QITE | Đồng Hồ Bàn Học Sinh Thông Minh Đẹp Mắt,https://www.lazada.vn/products/pdp-i3217602850.html,169.000 ₫
smartwatches,Đồng Hồ Đo Huyết Áp Thông Minh với Dây Sạc và Đế,https://www.lazada.vn/products/pdp-i3206230493.html,217.000 ₫
smartwatches,"Đồng Hồ Thông Minh Kết Nối Bluetooth PK D13 D20 Y68 Theo Dõi Sức Khỏe, Đổi hình nền",https://www.lazada.vn/products/pdp-i2414738093.html,65.000 ₫
smartwatches,Đồng Hồ Thông Minh Y68 / D20 Fitpro Chống Nước 1.44,https://www.lazada.vn/products/pdp-i2494177630.html,59.000 ₫
smartwatches,"Đồng Hồ Thông Minh T800 Promax Bản 5.0 Kết Nối Bluetooth , Nghe Gọi, Nhận Thông Báo , Hỗ Trợ Thể Thao",https://www.lazada.vn/products/pdp-i2912227985.html,180.000 ₫
smartwatches,Đồng hồ thông minh T800 PRM Nghe gọi Chơi game Nhận thông báo sức khỏe Chống nước Cho Nam Nữ Bảo hành 12 tháng,https://www.lazada.vn/products/pdp-i2912489313.html,180.000 ₫
smartwatches,"Đồng hồ thông minh T800 Pro Max T800 pro max - Giá Tốt, Miễn Phí Vận Chuyển, Đủ Loại Đồng hồ thông minh T800, Nghe Gọi Chơi game Nhận thông báo sức khỏe Cho Nam Nữ",https://www.lazada.vn/products/pdp-i3113251024.html,200.000 ₫
smartwatches,"Đồng Hồ Thông Minh Nam Nữ T800 Pro Max, Smatwatch Nghe gọi Không Lắp Sim Theo Dõi Sức Khỏe.......",https://www.lazada.vn/products/pdp-i3169245323.html,185.000 ₫
smartwatches,"Đồng Hồ Thông Minh Chính Hãng GOOJODOQ 2024 WATCH Bluetooth Màn Hình Cảm Ứng HD 1.83 inch,Đo Nhịp Tim,IP67 chống nước thể dục theo dõi cuộc gọi",https://www.lazada.vn/products/pdp-i2739727623.html,339.000 ₫
smartwatches,"Đồng Hồ Thông Minh Xiaomi Redmi Watch 5 ACTIVE / Watch 5 LITE (Chọn phân loại) – Phiên Bản Quốc Tế, Bảo Hành Chính Hãng 12 Tháng",https://www.lazada.vn/products/pdp-i2725254098.html,650.000 ₫
smartwatches,"TAIHANGHUA | Đồng Hồ Thông Minh Đo Huyết Áp Chính Xác, Theo Dõi Glucose Máu Không Xâm Lấn, ECG, SpO2, Nhịp Tim, Nhiệt Độ, Điều Trị Bằng Tia Laser, và Kiểm Soát Huyết Áp Cao",https://www.lazada.vn/products/pdp-i3219739503.html,10.206.000 ₫
smartwatches,Vòng Đeo Tay Thông Minh HUAWEI Band 10 | Khung Hợp Kim Nhôm Tinh Tế | Phân Tích Giấc Ngủ Chuyên Nghiệp | Trợ Lý Sức Khỏe Cảm Xúc,https://www.lazada.vn/products/pdp-i3014421301.html,780.000 ₫
smartwatches,"Đồng Hồ Thông Minh Theo Dõi Sức Khỏe với Gọi Bluetooth và Đo Đạc Mạch Máu Oxy, Nhịp Tim, Ngủ, Tập Luyện Chính Xác Cao",https://www.lazada.vn/products/pdp-i3179071167.html,12.431.000 ₫
smartwatches,"ZHIXIANSHANG | Đồng Hồ Theo Dõi Sức Khỏe Thông Minh với Đo Glucose, Lipid, Axit Uric, Huyết Áp, ECG, SpO2, Nhiệt Độ, Nhịp Tim, Giấc Ngủ, Cảnh Báo Từ Xa và Chức Năng Gọi",https://www.lazada.vn/products/pdp-i3220831880.html,10.247.000 ₫
smartwatches,"Đồng Hồ Đo Huyết Áp Thông Minh với Đo Glucose Động, ECG, Axit Uric, Cholesterol, Nhịp Tim, Oxy trong Máu và Gọi Bluetooth",https://www.lazada.vn/products/pdp-i3199240731.html,12.380.000 ₫
smartwatches,Đồng Hồ Thông Minh | HUAWEI WATCH FIT 4 Series | Mỏng Nhẹ | Thể Thao & Sức Khỏe | Lên Đến 10 Ngày Sử Dụng| ECG,https://www.lazada.vn/products/pdp-i3225770061.html,2.325.344 ₫
smartwatches,Đồng Hồ Thông Minh | HUAWEI WATCH FIT 4 Series | Mỏng Nhẹ | Thể Thao & Sức Khỏe | Lên Đến 10 Ngày Sử Dụng| ECG,https://www.lazada.vn/products/pdp-i3225478929.html,2.325.344 ₫
smartwatches,HUAWEI | Đồng Hồ Thông Minh Thể Thao Chuyên Nghiệp WATCH FIT 4 Pro Kính Sapphire,https://www.lazada.vn/products/pdp-i3225516531.html,3.357.900 ₫
smartwatches,Disney | Đồng Hồ Thông Minh Chỉ Hiển Thị Giờ Chống Nước Cho Học Sinh Tiểu Học Nữ,https://www.lazada.vn/products/pdp-i3203964204.html,558.000 ₫
smartwatches,SHENGZHISEN | Đồng Hồ Thông Minh Màn Hình Tròn Mỏng Hệ Thống Đôi với Tải Video App và WiFi,https://www.lazada.vn/products/pdp-i3219827294.html,1.807.000 ₫
smartwatches,Đồng Hồ Đo Huyết Áp Chính Xác với Phát Hiện Oxy Máu và Theo Dõi Sức Khỏe cho Người Già,https://www.lazada.vn/products/pdp-i3212423900.html,3.419.000 ₫
smartwatches,[COMBO] Đồng Hồ Thông Minh Q12 Định Vị LBS dành cho bé VÀ Sim 4G Mobile siêu ưu đãi - miễn phí 90Gb tháng và 30 phút ngo,https://www.lazada.vn/products/pdp-i2400845048.html,141.000 ₫
smartwatches,Đồng hồ thông minh Đồng hồ đeo tay trẻ em 4G chính hãng HOCO y104 cho trẻ em,https://www.lazada.vn/products/pdp-i2965714138.html,765.000 ₫
smartwatches,"Đồng Hồ Thông Minh trẻ em Q12 Lắp Sim 4G Nghe Gọi Nhắn Tin 2 Chiều Như Điện Thoại Chống nước IP67, Định Vị LBS,",https://www.lazada.vn/products/pdp-i3176103715.html,177.414 ₫
smartwatches,"Đồng Hồ Thông Minh Maimo Chính Hãng – Viền Thép Sang Trọng, Nhận Thông Báo, Theo Dõi Sức Khỏe, Chống Nước 5ATM, Có GPS",https://www.lazada.vn/products/pdp-i3147125616.html,495.000 ₫
smartwatches,Đồng Hồ Đo Huyết Áp Chính Xác Theo Dõi Nhịp Tim Nồng Độ Oxy Đánh Giá Rủi Ro Sức Khỏe Theo Dõi Ngủ Tập Luyện Bluetooth,https://www.lazada.vn/products/pdp-i3213034456.html,4.724.000 ₫
smartwatches,Đồng hồ Galaxy ULTRA 5G LTE lắp sim độc lập+ kết nối bluetooth nhận thông báo tải ứng dụng chơi game AHAI STORE,https://www.lazada.vn/products/pdp-i3180369094.html,1.950.000 ₫
smartwatches,HUAWEI | Đồng Hồ Thông Minh Thể Thao Chuyên Nghiệp Kính Sapphire Vỏ Titanium,https://www.lazada.vn/products/pdp-i3221604548.html,19.824.000 ₫
smartwatches,Đồng Hồ Đeo Tay Sức Khỏe Theo Dõi Nhịp Tim M5 Đồng Hồ Thông Minh Thể Thao Vòng Đeo Tay Bluetooth Chống Nước,https://www.lazada.vn/products/pdp-i1656858679.html,173.495 ₫
smartwatches,Đồng hồ S16 PROGEN2 Ram4/64GB lắp sim nghe gọi độc lập camera xoay 180 độ tải ứng dụng chơi game AHAI STORE,https://www.lazada.vn/products/pdp-i2906679210.html,1.300.000 ₫
smartwatches,"Đồng Hồ Thông Minh Cho Trẻ Em Với Định Vị, Gọi Video HD và Chống Nước",https://www.lazada.vn/products/pdp-i3198045006.html,1.374.000 ₫
smartwatches,Disney | Đồng Hồ Thể Thao Cơ Mới Disney dành cho Teenagers,https://www.lazada.vn/products/pdp-i3200865057.html,815.000 ₫
smartwatches,"Đồng Hồ Thông Minh Chống Nước Cho Trẻ Em với Định Vị, WiFi, Đôi Camera HD, Gọi Video, 4G",https://www.lazada.vn/products/pdp-i3198334480.html,2.872.000 ₫
smartwatches,Đồng Hồ Thông Minh Đo Glucose Máu Áp Điện Tim Nghiên Cứu Bluetooth Điện Thoại Oxy Máu Tần Số Tim Theo Dõi Sức Khỏe Tập Luyện Ngủ,https://www.lazada.vn/products/pdp-i3182276327.html,3.432.000 ₫
smartwatches,"Đồng Hồ Thông Minh trẻ em Q12 Lắp Sim 4G Nghe Gọi Nhắn Tin 2 Chiều Như Điện Thoại Chống nước IP67, Định Vị LBS,",https://www.lazada.vn/products/pdp-i2656024424.html,177.414 ₫
smartwatches,"(GIẢM SỐC 50%) Đồng Hồ Thông Minh Y36 Lắp Sim Nghe Gọi Video , Định Vị Cảnh Báo Chống Nước Có Tiếng Việt",https://www.lazada.vn/products/pdp-i3147788379.html,455.000 ₫
smartwatches,"Đồng Hồ Thông Minh Trẻ Em Q12 Lắp Sim Nghe Gọi 2 Chiều,Nhắn Tin, Định Vị LBS, Chống Nước IP67, cuộc goi SOS khẩn cấp",https://www.lazada.vn/products/pdp-i2548673994.html,170.200 ₫
smartwatches,Đồng hồ thông minh chống nước Q12 smart watch cảm ứng lắp sim nghe gọi điện thoại kiểu dáng màu sắc dễ thương cute,https://www.lazada.vn/products/pdp-i2494223341.html,169.000 ₫
smartwatches,Đồng Hồ Thông Minh trẻ em Y31 Lắp Sim Nghe Gọi - Định Vị Cảnh Báo Nguy Hiểm Cho Bé Chống Nước IPX7,https://www.lazada.vn/products/pdp-i2492831263.html,200.000 ₫
smartwatches,Đồng Hồ Định Vị Trẻ Em W11 Gọi Video Call- Chống Nước - Thông Minh - Định Vị Trẻ Em - An Toàn Cho Bé - Bảo hành 1 đổi 1 trong 3 tháng,https://www.lazada.vn/products/pdp-i2147189768.html,289.000 ₫
smartwatches,Đồng hồ Thông minh AMA Watch H99 RAM 8+256GB lắp sim nghe gọi độc lập + kết nối bluetooth với điện thoại nhận thông báo camera xoay tải ứng dụng chơi game Hàng Chính Hãng,https://www.lazada.vn/products/pdp-i3073407119.html,1.900.000 ₫
smartwatches,Đồng hồ Bluetooth thông minh POSHI dành cho bé trai bé gái điện tử led kỹ thuật số thể thao hàng chính hãng,https://www.lazada.vn/products/pdp-i1055800630.html,123.102 ₫
smartwatches,Đồng hồ thông minh T8 Android Samsung có bluetooth,https://www.lazada.vn/products/pdp-i3100702368.html,160.000 ₫
smartwatches,"Đồng Hồ Thông Minh Q12 Q12B Q19 Cho Bé - Dò Vị Trí LBS, Nghe Gọi Có Sim, 1.44 Inch, Chống Mất, Chống Nước - Cáp Sạc Nam Châm - Chức Năng Gọi Thoại",https://www.lazada.vn/products/pdp-i2594860509.html,189.000 ₫
smartwatches,"Đồng hồ thông minh Maimo Watch, bản quốc tế, có 2 dây đêo",https://www.lazada.vn/products/pdp-i3198356174.html,590.000 ₫
tvs,[LẮP 0Đ HCM/HN] Google Tivi Casper 43 inch - Full HD - 43FGK610 - Chính hãng - Bảo hành 2 năm,https://www.lazada.vn/products/pdp-i2911536589.html,4.500.000 ₫
tvs,"Thanh lý smart Tivi LG chính hãng 43inch siêu bền, ngoại hình đẹp 98%",https://www.lazada.vn/products/pdp-i2588404973.html,2.449.000 ₫
tvs,"Thanh lý Smart Tivi Samsung 43 inch có wifi,youtobe,netflix ... Ngoại hình cực đẹp",https://www.lazada.vn/products/pdp-i2391078570.html,3.200.000 ₫
tvs,Smart Tivi QLED TCL 4K 43 inch 43P7K - Mới 2025,https://www.lazada.vn/products/pdp-i3230753217.html,15.990.000 ₫
tvs,"Smart TV 32inch Samsung chính hãng wifi siêu nhanh,mượt",https://www.lazada.vn/products/pdp-i2221536710.html,2.350.000 ₫
tvs,Thanh lý Tivi LG 32inch LED siêu nét ngoại hình đẹp 98%,https://www.lazada.vn/products/pdp-i2153074019.html,1.650.000 ₫
tvs,"Thanh lý Tivi PANASONIC 32inch siêu bền,hình ảnh sắc nét, ngoại hình đẹp",https://www.lazada.vn/products/pdp-i2539780962.html,1.399.000 ₫
tvs,"Android Tivi Sony 43 inch bắt wifi,youtobe cực nhanh",https://www.lazada.vn/products/pdp-i2322449637.html,3.550.000 ₫
tvs,【QLED】43-40-32inch - Smart Google TV TCL V5C - Tấm nền HVA - Tần số quét 60Hz - Dolby Atmos - Bảo Hành 2 Năm - Hàng Chính Hãng,https://www.lazada.vn/products/pdp-i3105893464.html,4.590.000 ₫
tvs,𝐓𝐢𝐯𝐢 𝟑𝟐 𝐢𝐧𝐜𝐡 𝐬𝐚𝐦𝐬𝐮𝐧𝐠 𝐱𝐞𝐦 𝐭𝐡𝐨̛̀𝐢 𝐬𝐮̛̣ ( tivi không mạng ),https://www.lazada.vn/products/pdp-i2714561144.html,1.300.000 ₫
tvs,Smart Tivi Samsung 65 Inch QLED Q60D QA65Q60DAKXXV 4K Tizen OS (2024)- Hàng Chính Hãng - Phân Phối Bởi Lazada - MIỄN PHÍ VẬN CHUYỂN TOÀN QUỐC,https://www.lazada.vn/products/pdp-i2802062677.html,15.590.000 ₫
tvs,【UHD 4K】55inch - Smart Google TV TCL 55T66 - Tần số quét 60Hz - Dolby Atmos - TV Bán Chạy - Bảo Hành 2 Năm - Hàng Chính Hãng,https://www.lazada.vn/products/pdp-i1933199122.html,13.990.000 ₫
tvs,"Tivi 43 inch Giá Rẻ SMART TV FHD Coocaa 43 inch 43S3U+ Full HD - tivi giá rẻ - CC Cast, Dolby audio, Youtube, Hệ điều hành OS Coolita - Tặng 1 Năm ClipTV, FPT 12",https://www.lazada.vn/products/pdp-i1523861044.html,5.589.000 ₫
tvs,Smart Tivi Samsung 55 Inch QLED Q60D QA55Q60DAKXXV 4K Tizen OS (2024)- Hàng Chính Hãng - Phân Phối Bởi Lazada - MIỄN PHÍ VẬN CHUYỂN TOÀN QUỐC,https://www.lazada.vn/products/pdp-i2802172180.html,13.290.000 ₫
tvs,[GIAO HÀNG HCM ]Tivi Xiaomi Google Tivi Xiaomi A 4K 55 inch L55MA-ASEA 2025,https://www.lazada.vn/products/pdp-i2935274758.html,8.890.000 ₫
tvs,"Thanh lý Tivi Sony 32inch LCD xem truyền hình,lắp camera, màn hình trình chiếu,màn hình máy tính ảnh đẹp, siêu bền, ngoại hình đẹp",https://www.lazada.vn/products/pdp-i2319312883.html,1.490.000 ₫
tvs,Thanh lý Tivi Sony 32inch LED siêu nét ngoại hình đẹp,https://www.lazada.vn/products/pdp-i2306758074.html,1.680.000 ₫
tvs,[MIỄN PHÍ VẬN CHUYỂN] Smart Tivi Samsung HD H5000 Smart TV 32 Inch,https://www.lazada.vn/products/pdp-i3064063966.html,4.300.000 ₫
tvs,"Tivi sony 42in chính hãng, hình ảnh sắc nét,bền bỉ,ngoại hình đẹp đã qua sử dụng",https://www.lazada.vn/products/pdp-i2616165261.html,2.300.000 ₫
tvs,"Android TV TV98 4K bản 16G 256GB Kết Nối Wifi 5G,Bluetooth 4.0, Bluetooth tần số đôi, Điều khiển từ xa bằng giọng nói, Xem YouTube vv.",https://www.lazada.vn/products/pdp-i2656834120.html,459.000 ₫
tvs,"Tivi 24"" - Full HDMI - Kết nối BOX TIVI - Thanh lý",https://www.lazada.vn/products/pdp-i3190627949.html,1.249.000 ₫
tvs,Tivi Siêu Mỏng _ Hdmi - Full phụ kiện - Thanh lý,https://www.lazada.vn/products/pdp-i3190713430.html,1.299.000 ₫
tvs,"Thanh lý Tivi LED Sony KDL 40 inch siêu nét, ngoại hình đẹp 98% xem truyền hình,lắp camera, màn hình trình chiếu",https://www.lazada.vn/products/pdp-i2365790756.html,2.350.000 ₫
tvs,Tivi led 24 inch Darling có tích hợp đầu thu KTS,https://www.lazada.vn/products/pdp-i288056692.html,2.330.000 ₫
tvs,"Thanh lý tivi SHARP 32inch led mỏng đẹp 98% xem truyền hình,camera,màn hình trình chiếu,màn hình máy tính...",https://www.lazada.vn/products/pdp-i2391292060.html,1.500.000 ₫
tvs,"[NEW 2026 TV Series] Smart Tivi Xiaomi TV A 43 2026 - 43 Inch - UHD 4K - Phiên Bản Quốc Tế, Bảo Hành 24 Tháng",https://www.lazada.vn/products/pdp-i3101702389.html,6.590.000 ₫
tvs,"Jmgo N1 Ultra Quốc Tế Android TV Máy Mới Bảo Hành 12 Tháng. Không Có Netflix, Tiếng Việt,Anh… Tư Vấn ib shop 0984651088",https://www.lazada.vn/products/pdp-i3153929224.html,24.500.000 ₫
tvs,Smart Tivi Toshiba AI 4K 75 inch 75C350RP - MIỄN PHÍ GIAO LẮP HCM,https://www.lazada.vn/products/pdp-i3193134223.html,14.649.000 ₫
tvs,(NK Sản Phẩm Mới) Google Tivi TCL LED 4K P638,https://www.lazada.vn/products/pdp-i2183145733.html,10.490.000 ₫
tvs,[MIỄN PHÍ VẬN CHUYỂN] Smart TV Samsung QLED QEF1 4K Samsung Vision AI Smart TV (2025),https://www.lazada.vn/products/pdp-i3121900513.html,13.890.000 ₫
tvs,Tivi 32 inch sony thanh lý tại tp.HCM ( không wifi ) dùng hộp box hoặc cáp hoặc đầu thu để xem .,https://www.lazada.vn/products/pdp-i2657906041.html,1.300.000 ₫
tvs,Tivi 32 in led mỏng thanh lý có tính năng DVPT2 giá rẻ,https://www.lazada.vn/products/pdp-i2657809611.html,1.300.000 ₫
tvs,Thanh lý Tivi LED Toshiba 29inch đã qua sử dụng,https://www.lazada.vn/products/pdp-i2476229390.html,1.250.000 ₫
tvs,"Thanh lý Tivi Sony 32inch LCD ảnh đẹp, siêu bền, ngoại hình đẹp",https://www.lazada.vn/products/pdp-i2306048385.html,1.480.000 ₫
tvs,Thanh lý Tivi Samsung 40inch LED siêu nét ngoại hình đẹp 98%,https://www.lazada.vn/products/pdp-i2232524286.html,2.250.000 ₫
tvs,[TV Mới-Độc quyền online] Xiaomi TV A 43'' 2026(UHD) | Màn hình bảo vệ mắt 4K với chất lượng hình ảnh HDR | MEMC cho trải nghiệm xem mượt mà | Bề mặt kim loại bắt mắt với thiết kế khung viền siêu mỏng,https://www.lazada.vn/products/pdp-i3092393290.html,7.370.000 ₫
tvs,TOSHIBA TV 12LD5 CRT TV 77,https://www.lazada.vn/products/pdp-i3118189407.html,2.800.000 ₫
tvs,"[TV Mới] Xiaomi TV A Pro 43'' 2026 | Màn hình QLED 4K độ sáng cao với công nghệ làm mượt chuyển động | Bề mặt kim loại bắt mắt với thiết kế khung viền siêu mỏng | Đắm chìm trong âm thanh với Dolby Audio™ , DTS:X, DTS Virtual:X",https://www.lazada.vn/products/pdp-i3092248326.html,7.860.000 ₫
tvs,[Thu thập VC 10% tối đa 1tr ở trạm voucher]Smart Tivi LG 4K 65 inch 65UT7350PSB - Mới 2024,https://www.lazada.vn/products/pdp-i2747221635.html,13.790.000 ₫
tvs,Smart Tivi Samsung 4K 55 inch UA55AU7002 - Bảo Hành 24 Tháng - Hàng Chính Hãng,https://www.lazada.vn/products/pdp-i2204706304.html,9.572.917 ₫
tvs,Samsung UA43KU6500K,https://www.lazada.vn/products/pdp-i2534920737.html,950.000 ₫
tvs,43T6500 - Smart Tivi Samsung FHD 43 inch UA43T6500 UA43T6500AKXXV,https://www.lazada.vn/products/pdp-i914544439.html,6.390.000 ₫
tvs,[FREESHIP & HỖ TRỢ LẮP ĐẶT] Smart TV Samsung QLED Q7FA 4K Vision AI Smart TV (2025),https://www.lazada.vn/products/pdp-i3122040091.html,11.190.000 ₫
tvs,Tivi LG 65UA7350PSB 65 Inch - Bảo hành chính hãng 24 tháng,https://www.lazada.vn/products/pdp-i3230472471.html,16.100.000 ₫
tvs,【QLED 4K】43inch - 4K Smart Google TV TCL 43C655 - HDR10+ - Tần số quét 60Hz - Dolby Atmos - Bảo Hành 2 Năm - Hàng Chính Hãng,https://www.lazada.vn/products/pdp-i2717378519.html,9.400.000 ₫
headphones,Tai Nghe Bluetooth Chơi Game Có Khả Năng Hủy Tiếng Ồn Chủ Động,https://www.lazada.vn/products/pdp-i3219393113.html,909.000 ₫
headphones,Tai Nghe Chụp Tai F10 Plus Bản Nâng Cấp Của Tai Nghe Chụp Tai F10 Và F20 Headphone Nghe Nhạc Cực Hay Âm Bass Mạnh Mẽ,https://www.lazada.vn/products/pdp-i1674754770.html,15.000 ₫
headphones,"Tai nghe game thủ YD03 bluetooth 5.3 thế hệ mới máy mạnh, pin trâu, đàm thoại trực tiếp BH 1 tháng",https://www.lazada.vn/products/pdp-i2325669202.html,126.000 ₫
headphones,Tai nghe Bluetooth không dây P2961 Bass Cực Căng Bluetooth 5.1 Chống Ồn Âm thanh nổi Chơi game Nghe nhạc,https://www.lazada.vn/products/pdp-i3072381208.html,78.500 ₫
headphones,Tai Nghe Chụp Tai Chinh Hang SONY có míc hỗ trợ học online và chơi game chính hãng dây 3.5mm chống đứt ( SIÊU BỀN ),https://www.lazada.vn/products/pdp-i2091421034.html,149.000 ₫
headphones,Tai Nghe Chụp Tai F10+ Plus Cho Điện Thoại - Có Thể Gấp Gọn,https://www.lazada.vn/products/pdp-i1478408408.html,24.000 ₫
headphones,"Tai nghe chụp tai máy tính GAMING A3 có mic đàm thoại, headphone chơi game trên laptop, pc giá rẻ chất lượng cao",https://www.lazada.vn/products/pdp-i2201649858.html,79.500 ₫
headphones,Tai nghe có dây chụp tai chân cắm 3.5 chính hãng Hoco tai nghe over ear có mic âm thanh to dùng học tập nghe nhạc chơi game,https://www.lazada.vn/products/pdp-i2907700783.html,158.000 ₫
headphones,"Tai Nghe Máy Tính Gaming Chụp Tai Có Mic Jack Cắm USB Âm Thanh 7.1 Cao Cấp Fullbox Bass Cực hay Cho Pc,Laptop",https://www.lazada.vn/products/pdp-i2271600716.html,155.000 ₫
headphones,Tai nghe bluetooth chụp tai B39 - Hàng nhập ( Có hổ trợ thẻ nhớ + Dây jack 3.5mm),https://www.lazada.vn/products/pdp-i291454451.html,156.000 ₫
headphones,Anker | Tai Nghe Bluetooth Không Dây Hủy Tiếng Ồn ASMR,https://www.lazada.vn/products/pdp-i3220485134.html,5.926.000 ₫
headphones,Tai Nghe Chơi Game Không Dây cho FPS với Bluetooth,https://www.lazada.vn/products/pdp-i3220061339.html,5.146.000 ₫
headphones,Tai Nghe Có Dây Hủy Tiếng Ồn Cho Gaming PC,https://www.lazada.vn/products/pdp-i3219368212.html,3.849.000 ₫
headphones,"Tai nghe chụp tai Logitech H111 - 1 jack 3.5mm, Mic khử giảm tiếng ồn, trọng lượng nhẹ, âm thanh nổi",https://www.lazada.vn/products/pdp-i260262933.html,199.000 ₫
headphones,"[ HÀNG CHUẨN ] Tai Nghe Chụp Tai Có Mic, Tai Nghe XB450AP EXTRA BASS Âm Thanh Trầm Nghe Cực Hay đẳng cấp sành điệu - BunTech",https://www.lazada.vn/products/pdp-i2358808353.html,59.000 ₫
headphones,DareU | Tai Nghe Chơi Game Kháng ỒnThoải Mái,https://www.lazada.vn/products/pdp-i3219938851.html,666.000 ₫
headphones,ThinkPlus | Tai Nghe Bluetooth Hủy Tiếng Ồn Không Dây cho Gaming Thời Lượng Pin Dài,https://www.lazada.vn/products/pdp-i3228508303.html,389.000 ₫
headphones,Razer | Tai Nghe Chơi Game 7.1 Surround,https://www.lazada.vn/products/pdp-i3220356714.html,1.277.000 ₫
headphones,"Bose QuietComfort tai nghe II không dây Bluetooth, tai nghe nội bộ với công nghệ giảm tiếng ồn chủ động",https://www.lazada.vn/products/pdp-i3208053363.html,208.900 ₫
headphones,(HÀNG HOT 2024 ) Tai Nghe Bluetooth Cao Cấp Màn Hình LCD Cảm Ứng A9 PRO ANC/ AEC Giảm Tiếng Ồn Chủ Động Cảm Biến Nhạy Kết Nối Linh Hoạt - Bảo Hành 3 Tháng,https://www.lazada.vn/products/pdp-i2470452950.html,168.000 ₫
headphones,"Tai Nghe Có Dây S2000 Gaming Super Bass Chống Ồn Hiệu Quả Có Mic Đàm Thoại , BẢO HÀNH 12 THÁNG",https://www.lazada.vn/products/pdp-i2200834471.html,20.000 ₫
headphones,"Tai Nghe A9 Pro Bluetooth Anc Enc, Tai Nghe Không Dây Bass Cực Mạnh Chống Ồn Hifi Stereo, Có Màn Hình",https://www.lazada.vn/products/pdp-i3181588480.html,159.000 ₫
headphones,"Tai nghe Y36 Pro Bluetooth 5.3, âm thanh vòm 360°, bass mạnh, chơi game tuyệt vời, pin trâu, hộp sạc tiện lợi, tương thích đa thiết bị.",https://www.lazada.vn/products/pdp-i3166418014.html,161.000 ₫
headphones,"Tai Nghe Gaming BQ40 Bluetooth 5.3 thế hệ mới máy mạnh độ trễ thấp, tích hợp micro đàm thoại trực tiếp - Hàng nhập khẩu cao cấp",https://www.lazada.vn/products/pdp-i2283131857.html,129.000 ₫
headphones,"Tai Nghe Thể Thao T30 PRO -Bluetooth 5.4, Xoay 180 Độ, Đeo Được 2 Tai, Pin Siêu Khỏe,Kết Nối Ổn Định",https://www.lazada.vn/products/pdp-i2898138333.html,69.000 ₫
headphones,Tai Nghe Chơi Game Không Dây có Mic 2.4G,https://www.lazada.vn/products/pdp-i3217915735.html,5.570.000 ₫
headphones,"Tai Nghe Bluetooth GT280 - GT27 Thiết Kế Thể Thao, Kết Nối Bluetooth 5.4, Tích Hợp Đèn Led, Kháng Nước, Chống Ồn",https://www.lazada.vn/products/pdp-i2523793374.html,99.000 ₫
headphones,Tai Nghe Chụp Tai F10 Plus Bản Nâng Cấp Của Tai Nghe Chụp Tai F10 Và F20 Headphone Nghe Nhạc Cực Hay Âm Bass Mạnh Mẽ,https://www.lazada.vn/products/pdp-i1669454727.html,39.000 ₫
headphones,Tai nghe chụp tai gaming giả lập Acer/ G606/607/608 cổng usb led rgb cho máy tính pc laptop chơi game giải trí BUNOC's,https://www.lazada.vn/products/pdp-i2161593982.html,148.000 ₫
headphones,Tai nghe chơi game KUBITE K-15 3.5mm + USB Cắm tai nghe ngoài tai với đèn RGB có thể điều chỉnh âm lượng micrô,https://www.lazada.vn/products/pdp-i2659641332.html,99.000 ₫
headphones,AULA-MOJING | Tai Nghe Có Dây cho PC FPS Gaming,https://www.lazada.vn/products/pdp-i3217612453.html,470.000 ₫
headphones,AULA-MOJING | Tai Nghe Chơi Game Có Dây với Micro,https://www.lazada.vn/products/pdp-i3217650980.html,313.000 ₫
headphones,Tai Nghe Bluetooth Không Dây Chơi Game Hủy Tiếng Ồn Chủ Động,https://www.lazada.vn/products/pdp-i3204704241.html,904.000 ₫
headphones,"Tai Nghe Bluetooth Thể Thao XG33, Tai Nghe Thể Thao Cảm Ứng Vân Tay Tích Hợp Micro",https://www.lazada.vn/products/pdp-i3096444184.html,101.600 ₫
headphones,"Tai nghe bluetooth SGC SM10, M66 PRO Pin Trâu 3500maH âm thanh trung thực, đèn Led đẹp mắt, hộp sạc có màn hình",https://www.lazada.vn/products/pdp-i2322070325.html,59.000 ₫
headphones,"Jasminestyle P47 Tai nghe không dây với tuổi thọ pin dài, thiết kế có thể gập lại cho âm nhạc và cuộc gọi",https://www.lazada.vn/products/pdp-i3138662351.html,41.000 ₫
headphones,"Tai nghe bluetooth M10 , F9 Pro cảm ứng, pin trâu, chống nước, âm thanh tuyệt vời, cảm ứng nhạy, hộp làm sạc dự phòng - Lỗi 1 Đổi 1",https://www.lazada.vn/products/pdp-i2260145786.html,55.440 ₫
headphones,"[SẴN HÀNG] Tai Nghe Mèo Chụp Tai Bluetooth,Tai Nghe Chơi Game Học Online Headphone Có Đèn Led",https://www.lazada.vn/products/pdp-i2758426061.html,165.000 ₫
headphones,Tai nghe bluetooth không dây gaming P30 chơi game không độ trễ pin trâu chống nước âm thanh vòm 9D có mic thể thao chống ồn,https://www.lazada.vn/products/pdp-i1501004043.html,145.000 ₫
headphones,"Tai nghe máy tính, laptop 2 chân tròn, thời trang, nhỏ gọn bass ấm HIFI có mic đàm thoại chơi game trên laptop, pc",https://www.lazada.vn/products/pdp-i2604445120.html,57.300 ₫
headphones,Razer | Tai Nghe Chơi Game Không Dây Bluetooth 4 Chế Độ,https://www.lazada.vn/products/pdp-i3206377840.html,10.064.000 ₫
headphones,Sony WH-CH720N WH-CH720 tai nghe không dây giảm tiếng ồn,https://www.lazada.vn/products/pdp-i3210085636.html,266.666 ₫
headphones,Tai nghe chụp tai có míc hỗ trợ học online và chơi game chính hãng dây 3.5mm chống đứt ( SIÊU BỀN ),https://www.lazada.vn/products/pdp-i1524190647.html,138.004 ₫
headphones,"Tai nghe chụp tai Trâu vàng SANNY V2K kèm Mic, tai nghe có dây - (Màu vàng)",https://www.lazada.vn/products/pdp-i2263500580.html,56.050 ₫
headphones,"Tai nghe mini SK19 bluetooth 5.3 độ trễ thấp, âm thanh ấm, bass căng, kèm micro đàm thoại to rõ",https://www.lazada.vn/products/pdp-i2641021358.html,149.000 ₫
cameras,Camera Trong Nhà Panorama Thông Minh với Giám Sát Từ Xa và Hình Ảnh Đêm,https://www.lazada.vn/products/pdp-i3202507673.html,882.000 ₫
cameras,"[BÁN CHẠY] Camera Wifi C30 Gọi Video Trực Tiếp Đàm Thoại 2 Chiều, Camera Giám Sát Trẻ Em Cảnh Báo Chuyển Động, Màn Hình 2.8 Inch 1080HD",https://www.lazada.vn/products/pdp-i3002944261.html,300.000 ₫
cameras,Camera 360 trong nhà an ninh wifi không dây ngoài trời 360 bóng đèn Full HD 1080P độ Giám Sát An Ninh,https://www.lazada.vn/products/pdp-i3019578088.html,142.200 ₫
cameras,Camera An Ninh Wifi Giám Sát Không Dây IP Camera Giám Sát HD1080p Trong Nhà Webcam Điện Thoại Không Dây Trong HOT,https://www.lazada.vn/products/pdp-i2625692651.html,99.000 ₫
cameras,"Camera Fnkvision 2 mắt Yoosee, chống nước quan sát 360 độ cực rõ nét 8.0MP, thao tác qua điện thoại",https://www.lazada.vn/products/pdp-i2697878228.html,359.000 ₫
cameras,"Camera wifi xoay 360 độ,wifi Camera theo dõi chuyển động, Camera đàm thoại 2 chiều đảm bảo an toàn cho ngôi nhà của bạn",https://www.lazada.vn/products/pdp-i3060495316.html,225.000 ₫
cameras,Camera 360 trong nhà an ninh wifi không dây ngoài trời 360 bóng đèn Full HD 1080P độ Giám Sát An Ninh,https://www.lazada.vn/products/pdp-i3027516682.html,161.600 ₫
cameras,Camera IP YooSee 2.0mpx 1080P - 8Led,https://www.lazada.vn/products/pdp-i2828132172.html,179.000 ₫
cameras,[VOUCHER 10K CHO ĐƠN 500K] Camera Yoosee PTZ bóng đèn xoay 360 độ - 5.0Mpx FHD1080p hình ảnh chất lượng rõ nét - Ban đêm có màu - báo động chống trộm - Đàm thoại 2 chiều,https://www.lazada.vn/products/pdp-i2395446131.html,199.000 ₫
cameras,"Camera wifi W8 Hồng Ngoại Tầm Nhìn Ban Đêm Mini Mẫu Mới, Camera Gia Đình Không Dây wifi chống trộm W8 FullHD 1080P Xem Từ Xa Trên Điện Thoại, Hồng Ngoại Quay Ban Đêm Phát Hiện Chuyển Động .",https://www.lazada.vn/products/pdp-i2416053198.html,240.000 ₫
cameras,"( SALE 50% TOÀN BỘ SP ) LazMall Ẩn Bí Mật Camera X5 Mini 1080P Full-HD Tầm Nhìn Ban Đêm, Nhẹ, Không Dây, Giám Sát, Phát Hiện Chuyển Động, Cầm Tay, Chất Lượng Cao Cấp - NEW X5 Mini Camera WIFI",https://www.lazada.vn/products/pdp-i3219271400.html,201.600 ₫
cameras,Camera Wifi trong nhà Imou Ranger 2C (3MP) I IPC-TA32CP I Đàm thoại hai chiều I Xoay 360,https://www.lazada.vn/products/pdp-i2053933613.html,449.000 ₫
cameras,Camera lenovo 110-15ISK,https://www.lazada.vn/products/pdp-i2226570002.html,120.000 ₫
cameras,Camera An Ninh 4K HD cho Giám Sát Gói Hàng và Chứng cứ Sau Bán hàng,https://www.lazada.vn/products/pdp-i3205712318.html,11.879.000 ₫
cameras,"Camera Giám Sát Không Dây - Camera Mini Dùng Sim 4G S15 FullHD 1080P Siêu Nét Giá Rẻ Góc Quay Rộng Kết Nối Trục Tiếp Điện Thoại Xem Từ Xa, Quay Phim ,Chụp Ảnh, Ghi Âm, Dung Lượng Pin Lớn, Dùng 6 -8h,",https://www.lazada.vn/products/pdp-i2183853706.html,1.025.552 ₫
cameras,"Camera wifi Fnkvision 12MP có màu Yoosee 2 mắt, đàm thoại 2 chiều, toàn cảnh 360 độ - phiên bản tiếng việt",https://www.lazada.vn/products/pdp-i2714143075.html,239.000 ₫
cameras,Camera wifi Imou A32EP Ranger 2 3MP hàng chính hãng,https://www.lazada.vn/products/pdp-i1360985921.html,380.000 ₫
cameras,"Camera WIFI YOOSEE Chui Bóng Đèn FHD, Ban Đêm Có Màu,Đàm Thoại 2 Chiều,Xoay 360 Độ",https://www.lazada.vn/products/pdp-i3089847317.html,159.200 ₫
cameras,"【🔥Rẻ】Camera giám sát 3 triệu bóng đèn (ưu đãi đặc biệt [1 triệu pixel]) Camera WiFi HD Đui Bóng Đèn, Xoay 360",https://www.lazada.vn/products/pdp-i2742941128.html,67.300 ₫
cameras,"(TẶNG HỘP KT) Camera Yoosee 4 MẮT xEM 3 MÀN HÌNH MÁY BAY ĐỘC LẬP FHD, 3 mắt xoay,đầy đủ tính năng",https://www.lazada.vn/products/pdp-i2960537673.html,542.000 ₫
cameras,Siêu Camera Yoosee PA40L 4 Mắt Kép – Xem 3 Màn Hình – Xoay 360 Độ – Độ Phân Giải Khủng 12.0Mpxa,https://www.lazada.vn/products/pdp-i3100749521.html,579.000 ₫
cameras,"Camera Yoosee trong nhà 2 MẮT XEM 2 MÀN HÌNH cùng lúc T2T-8L 8.0MPX xoay 360 độ,xem đêm có màu, Bảo hành 1 năm",https://www.lazada.vn/products/pdp-i2309193770.html,299.000 ₫
cameras,"【🔥HCM/24H】Camera tiến, lắp phía trước xe ô tô, lắp cho màn zin theo xe, độ phân giải 720, góc quan sát 170 độ",https://www.lazada.vn/products/pdp-i2625946089.html,89.200 ₫
cameras,"Camera WIFI YOOSEE Trong Nhà Không Dây, Thiết Kế Chui Cắm Điện/Chui Bóng Đèn, HD 1080p , Xoay 360 Độ, Hỗ Trợ Hồng Ngoại Ban Đêm Có Màu - BH 1 NĂM",https://www.lazada.vn/products/pdp-i1246410763.html,239.000 ₫
cameras,Camera Yoosee 3 râu FHD 1021 - Hình ảnh sắc nét - Xoay 360 độ - Quay hồng ngoại ban đêm,https://www.lazada.vn/products/pdp-i1413603330.html,198.000 ₫
cameras,[Bán Chạy] Camera Wifi TP-Link Tapo C200/ TC71/ C211/ C202/ C212/ C222/ C220/ C230 Smart IR Full HD 2MP/3MP/2K QHD Quay Quét 360 Độ - Hàng Chính Hãng,https://www.lazada.vn/products/pdp-i406612346.html,379.000 ₫
cameras,"Camera Yoosee 3 MẮT ĐỘC LẬP 16MP, NGOÀI TRỜI xoay 3 mắt cùng lúc đa chiều, đầy đủ tính năng",https://www.lazada.vn/products/pdp-i2800259627.html,599.000 ₫
cameras,Camera IP WIFI PTZ 1080P Điều Khiển Ứng Dụng Độ Phân Giải Cao Giám Sát Camera Quan Sát Chống Nước Không Dây Với Zoom 4X Tầm Nhìn Ban Đêm Đủ Màu Âm Thanh H.264,https://www.lazada.vn/products/pdp-i3185019712.html,119.700 ₫
cameras,A9 Wifi Camera Mini Không Dây 1MP Đầu Ghi Hình Cho An Ninh Ngôi Nhà Trẻ Sơ Sinh Và Thú Cưng Giám Sát Camera Giám Sát Nhà Thông Minh,https://www.lazada.vn/products/pdp-i2750983511.html,100.100 ₫
cameras,"Camera Yoosee PTZ bóng đèn FHD 1080p Rõ nét, Có đèn Led chiếu sáng ban đêm, Xoay 360 độ, Đàm thoại 2 chiều",https://www.lazada.vn/products/pdp-i2036686654.html,229.000 ₫
cameras,"CAMERA WIFI IMCAM VIDEO CALL TIỆN DỤNG ( 2 IN 1 ) , HỖ TRỢ HỒNG NGOẠI BAN ĐÊM, BẢO HÀNH 1 NĂM",https://www.lazada.vn/products/pdp-i2459531518.html,369.000 ₫
cameras,"Camera Mini Nhỏ W11 Pro Kết Nối Cổng USB Cao Cấp , Camera An Ninh Chất Lượng Hình Ảnh Full HD 1080P, Ống Camera Siêu Nhỏ, Dễ Dàng Điều Chỉnh Góc Chụp, Xem Qua Điện Thoại, Laptop. Bh 12 Tháng.",https://www.lazada.vn/products/pdp-i3025442079.html,290.000 ₫
cameras,"Camera IP Yoosee 2 MẮT XEM 2 MÀN HÌNH cùng lúc T2T-40L xoay 360 độ,xem đêm có màu, CHẤT LIỆU CHỐNG NƯỚC BỂN BỈ, BẢO HÀNH 1 NĂM",https://www.lazada.vn/products/pdp-i2324452567.html,299.000 ₫
cameras,"Camera YooSee 2 mắt - 8.0mpx siêu nét góc rộng, ban đêm xem có màu, đàm thoại 2 chiều, camera kép xem cùng lúc trên 1 điện thoại xoay 360 độ",https://www.lazada.vn/products/pdp-i2258505221.html,349.000 ₫
cameras,Imou Camera Wifi ngoài trời Titan Pro I 6MP I IPC-U7LP-6V0NE I Thị Giác Đêm Màu Aurora I AIgo Play,https://www.lazada.vn/products/pdp-i3195931393.html,1.595.000 ₫
cameras,"Camera Wifi Yoosee 2 mắt Ngoài Trời Xem Cùng lúc 2 khung hình FHD 5.0mpx, xoay 360 độ ban đêm có màu",https://www.lazada.vn/products/pdp-i2314772480.html,429.000 ₫
cameras,"Camera IMOU A52P 5.0MP hoặc A32EP 3.0MP, Fullbox nguyên seal",https://www.lazada.vn/products/pdp-i1237225417.html,409.000 ₫
cameras,Camera Siêu Nhỏ X5 Kết Nối Từ Xa Qua Wifi Quay Ngày/Đêm - Ứng dụng: homeeye,https://www.lazada.vn/products/pdp-i3025543581.html,250.000 ₫
cameras,"App Tuya Smart Life Camera IP wifi giám sát Tuya,1080P FHD,Báo động chống trọm, Tầm nhìn góc rộng 360 độ,Chia xẻ đòng thời",https://www.lazada.vn/products/pdp-i2348110839.html,165.600 ₫
cameras,"(Camera Siêu Nhỏ)LazMall Camera Mini Xiaomi ,Camera Mini Wifi Không Dây A9 1080 FULL HD 4K ,Hồng Ngoại Quay Ban Đêm, Tính Năng Chống Trộm Coi Trực Tiếp -Coi Lại Theo Dõi Từ Xa ,Hình Ảnh Chuyển Động Thông Minh ,Máy Quay An Ninh Gia Đình Xem Trên Điện Thoại",https://www.lazada.vn/products/pdp-i2664151568.html,157.000 ₫
cameras,Camera Giám Sát Không Dây WiFi 360° Toàn Cảnh,https://www.lazada.vn/products/pdp-i3194184732.html,353.000 ₫
cameras,Camera chống trộm Tuya Smart Life Wifi IP Xem Đêm Có xoay 360 độ phân giải 1080P FULL HD 2.0MPX,https://www.lazada.vn/products/pdp-i2299911539.html,161.100 ₫
cameras,Camera Wifi Không dây Yoosee HD 3 Râu (trong nhà),https://www.lazada.vn/products/pdp-i2383667744.html,340.000 ₫
cameras,Camera WIFI EZVIZ C6N 2MP | C6N PRO 2K 3MP - Xoay 360 Thông Minh + Đàm Thoại 2 Chiều + Quay Theo Chuyển Động - C6N G1 8MP (Bản Nâng Cấp New),https://www.lazada.vn/products/pdp-i337146881.html,459.000 ₫
cameras,Cam camera đã qua sử dụng,https://www.lazada.vn/products/pdp-i1845589982.html,110.000 ₫
monitors,Màn Hình Chơi Game 2K 180Hz HVA Phản Ứng Nhanh 27 inches,https://www.lazada.vn/products/pdp-i3220318227.html,4.538.000 ₫
monitors,Màn Hình Chơi Game Điều Chỉnh Được 2K 220Hz 27 inches,https://www.lazada.vn/products/pdp-i3202334170.html,4.586.000 ₫
monitors,Màn Hình Chơi Game 27 Inch 2K 320Hz Ánh Sáng Xanh Thấp,https://www.lazada.vn/products/pdp-i3195089620.html,7.233.000 ₫
monitors,Spin Màn hình cong 1080p 27inch Led Màn hiển thị 24inch Máy tính Full HD LCD 100hz Thiết bị hiển thị,https://www.lazada.vn/products/pdp-i3080415323.html,1.695.000 ₫
monitors,Màn hình Samsung công thái học D400GAEXXV FHD IPS 100Hz Bảo vệ mắt Khử nhấp nháy,https://www.lazada.vn/products/pdp-i2979312860.html,2.385.000 ₫
monitors,màn hình 27 inch 144/165Hz/1ms(GTG) Full HD 1080P IPS Hỗ trợ HDMI/VGA/DP HDR400 Bảo hành 3 năm,https://www.lazada.vn/products/pdp-i3211004337.html,2.158.000 ₫
monitors,"[Siêu Sale 7.7] Màn hình máy tính Provision 27 inch cong, 24 inch - 22 inch - 20 inch - 19 inch Phẳng Chuyên dùng cho học tập , văn phòng , bán hàng - Hàng chính hãng",https://www.lazada.vn/products/pdp-i1712608033.html,1.500.000 ₫
monitors,[ TOP 1 BÁN CHẠY ] Màn hình máy tính Gaming 27 inch 2K QHD | Tấm nền IPS | Tần số 75Hz | Hàng chính hãng. Bảo hành 24 tháng,https://www.lazada.vn/products/pdp-i750952776.html,1.689.000 ₫
monitors,"Màn hình di động Full HD 15,6 inch Màn hình IPS | HDR | 60Hz cho máy chơi game, điện thoại di động, máy tính",https://www.lazada.vn/products/pdp-i3211665099.html,989.000 ₫
monitors,"Màn hình máy tính Provision 19'' 22'' 24'' 27 inch độ phân giải 1920x1080 tần số 75Hz Full HD, Màn Hình Gaming, Màn hình máy tính giá rẻ - Bảo hành chính hãng 24 tháng",https://www.lazada.vn/products/pdp-i1712517425.html,1.500.000 ₫
monitors,RUNING | Màn Hình Cảm Ứng Di Động 4K 144Hz,https://www.lazada.vn/products/pdp-i3220790298.html,2.959.000 ₫
monitors,Màn Hình Chơi Game 27 Inch 2K 180Hz,https://www.lazada.vn/products/pdp-i3201416593.html,4.541.000 ₫
monitors,Màn hình Gaming Samsung Odyssey 34 inch Cong LC34G55TWWEXXV Ultra WQHD 165Hz 1ms HDR,https://www.lazada.vn/products/pdp-i1455906688.html,7.423.000 ₫
monitors,"Màn hình Lenovo L27qe 27"" (QHD (2K) 2560 x 1440/ IPS/ 100Hz/ 6 ms) - Bảo hành 36 tháng",https://www.lazada.vn/products/pdp-i3149187223.html,3.090.000 ₫
monitors,Màn hình máy tính BenQ GW2790QT _ bảo vệ mắt công thái học 27 inch 2K QHD USB-C phù hợp làm việc văn phòng và giải trí,https://www.lazada.vn/products/pdp-i2355456042.html,7.500.000 ₫
monitors,Màn hình di động 14 inch IPS 2.5K TypeC Thunderbolt - Tặng kèm bao da,https://www.lazada.vn/products/pdp-i2128244270.html,1.168.000 ₫
monitors,"Màn hình LCD 17 inch vuông các hãng Samsung LG Acer Asus HP AOC Viewsonic BenQ, đủ cáp nguồn cáp VGA",https://www.lazada.vn/products/pdp-i3016756197.html,250.000 ₫
monitors,"Màn hình Dell 20 inch, đẹp, hình ảnh nét , hàng đã qua sử dụng",https://www.lazada.vn/products/pdp-i3063477044.html,489.056 ₫
monitors,"【Free Gift】Màn hình di động GOOJODOQ 15.6 14 Inch 1920*1080P FHD IPS USB-C HDMI Portable Monitor Cho Laptop máy tính, điện thoại, máy chơi game PS4",https://www.lazada.vn/products/pdp-i2478628024.html,1.890.000 ₫
monitors,"Màn hình di động Full HD 11,6 inch Màn hình IPS | HDR | 60Hz cho máy chơi game, điện thoại di động, máy tính",https://www.lazada.vn/products/pdp-i3211512554.html,989.000 ₫
monitors,Màn hình di động 15 inch IPS 2.5K 144Hz có TypeC ThunderBolt - Tặng kèm bao da,https://www.lazada.vn/products/pdp-i2178702493.html,1.548.000 ₫
monitors,Màn hình HP19 inch,https://www.lazada.vn/products/pdp-i2239959577.html,650.000 ₫
monitors,Màn Hình Máy Tính Xiaomi Monitor A24i EU | IPS | 100 Hz | 6ms | 1920 x 1080 | FHD | 24inch - Bảo Hành 36 Tháng,https://www.lazada.vn/products/pdp-i2770356739.html,1.850.000 ₫
monitors,Màn hình Gaming YUNSI 25inch / 24inch / 22inch Cong Phẳng ĐEN/TRẮNG New Box Bảo hành 24 Tháng,https://www.lazada.vn/products/pdp-i3102023330.html,1.420.000 ₫
monitors,Màn hình di động có cảm ứng đa điểm Hỗ trợ Samsung DeX PC Switch - Tặng kèm bao da,https://www.lazada.vn/products/pdp-i2375163107.html,1.588.000 ₫
monitors,Màn Hình Chống Lóa 2K 180Hz HVA Cong 32 inches,https://www.lazada.vn/products/pdp-i3201404380.html,4.362.000 ₫
monitors,Màn Hình Kvision 27 Inch Không Viền FHD KV-VISION KVG27100FL- Hàng chính hãng,https://www.lazada.vn/products/pdp-i2107254847.html,1.725.000 ₫
monitors,Màn hình chuyên đồ họa Samsung 27 inch LS27B800PXEXXV 4K DCI-P3 98% sRGB 100% IPS HDR 400 USB-C 90W,https://www.lazada.vn/products/pdp-i1981586923.html,7.107.000 ₫
monitors,"Màn hình FHD mở rộng máy tính xách tay 14 inch ba màn hình quan sát di động với 1 cáp cho 2 màn hình cho Windows, MacOS cho máy tính xách tay 13.3-16.5 inch",https://www.lazada.vn/products/pdp-i2611726753.html,6.921.122 ₫
monitors,"Màn hình máy tính BenQ dành cho Mac MA320U_32"" 4K USB Type-C thiết kế công thái học",https://www.lazada.vn/products/pdp-i2795710419.html,16.500.000 ₫
monitors,Màn hình vi tính 19 inch,https://www.lazada.vn/products/pdp-i1200840625.html,590.000 ₫
monitors,Màn hình vi tính giá rẻ 19inch nhiều hãng sáng đẹp kèm đủ dây cáp,https://www.lazada.vn/products/pdp-i1996638751.html,550.000 ₫
monitors,"[Màn cũ] MÀN HÌNH VI TÍNH CŨ 24, 19, 17 INCH CÁC LOẠI",https://www.lazada.vn/products/pdp-i3188820830.html,299.000 ₫
monitors,Màn hình máy vi tính Dell hp 22i 20in 19in 17in 15in wide Vuong hàng công ty đẹp giá chi 200k bảo hành chu đáo tại shop,https://www.lazada.vn/products/pdp-i2892712523.html,400.000 ₫
monitors,Màn hình di động 11 inch vỏ Polycarbonate mỏng nhẹ có Type-C ThunderBolt,https://www.lazada.vn/products/pdp-i2426119093.html,888.000 ₫
monitors,"Màn Hình Máy Tính 22 Inch Giá Rẻ - Sử Dụng Tốt, Hiệu Năng Ổn Định",https://www.lazada.vn/products/pdp-i2952270158.html,784.000 ₫
monitors,Màn hình Xiaomi A27i (ELA5345EU) (27 inch/FHD/IPS/100HZ/6ms/HDMI) - Chính hãng,https://www.lazada.vn/products/pdp-i2740616512.html,2.440.000 ₫
monitors,Màn hình cong Spin Màn hình LED 24&27 inch Full HD Màn hình máy tính chơi game 100hz,https://www.lazada.vn/products/pdp-i3080407416.html,1.695.000 ₫
monitors,Màn hình LCD LG 27 inch 27MS500-B.ATV (Full HD 1920 x 1080 | IPS | 100Hz | 5ms) - Bảo hành 24 tháng,https://www.lazada.vn/products/pdp-i3066050769.html,2.539.000 ₫
monitors,Màn Hình Máy Tính Feuvision Dahua FSID22BFJ 22″ : 21.45″/ VA/ FHD/ 75Hz/ VGA + HDMI,https://www.lazada.vn/products/pdp-i2996199873.html,1.479.000 ₫
monitors,Màn Hình máy tính KV Vision FHD IPS 100Hz 5ms - Hàng chính hãng Bảo Hành 24 Tháng mới full box,https://www.lazada.vn/products/pdp-i2420322127.html,1.490.000 ₫
monitors,"Màn hình Xiaomi Redmi 24'' 165Hz, 1ms, VA, HDR và 24"" 100Hz IPS",https://www.lazada.vn/products/pdp-i2505334468.html,2.090.000 ₫
monitors,Màn hình ViewSonic VX2758-2K-PRO-8 27inch 2K 180hz (27''/NanoIPS/2K/180Hz/1ms/FreeSync) Hàng chính hãng MỚI 100%,https://www.lazada.vn/products/pdp-i3195468429.html,4.090.000 ₫
monitors,Màn hình Spin LCD 24&27 inch curved Chất lượng hình ảnh tuyệt vời 100HZ Màn hình máy tính,https://www.lazada.vn/products/pdp-i3085827276.html,1.695.000 ₫
monitors,Màn hình vi tính 19 inch sáng đẹp có bảo hành 3 tháng,https://www.lazada.vn/products/pdp-i2624974640.html,699.000 ₫
destops-computers,"Cây máy tính đồng bộ DELL CPU Core i5, i3, Ram 8GB, Ổ cứng SSD 240GB, Tặng usb Wifi",https://www.lazada.vn/products/pdp-i2039998648.html,1.300.000 ₫
destops-computers,"Cây máy tính để bàn DELL Core i7 , i5 , i3 | Ram 16GB | ổ cứng SSD 1TB.[ TOP SẢN PHẨM BÁN CHẠY ]",https://www.lazada.vn/products/pdp-i200237877.html,2.206.000 ₫
destops-computers,Nguyên bộ máy tính core i5 ram 8gb ssd có card rời chơi game,https://www.lazada.vn/products/pdp-i2465538524.html,1.999.000 ₫
destops-computers,Bộ máy tính PC Thiết kế đồ Họa Chơi Game Ram 8GB Ổ Cứng SSD Vga HD 7000 series,https://www.lazada.vn/products/pdp-i1991380203.html,1.600.000 ₫
destops-computers,Đồng Bộ Dell Optiplex 3010 | 990 Core i3 Ram 8GB SSD 120GB Tặng USB Wifi,https://www.lazada.vn/products/pdp-i2427237655.html,1.100.000 ₫
destops-computers,Cây máy tính đồng bộ acer H110 + i3 6100 + Ram 16Gb +SSD 240Gb,https://www.lazada.vn/products/pdp-i3213036854.html,1.399.000 ₫
destops-computers,Bộ máy tính CF-H81 Ram 8GB SSD 120GB Case LED,https://www.lazada.vn/products/pdp-i2075279198.html,2.863.000 ₫
destops-computers,Máy tính Mini PC Intel NUC NUC5CPYH - Intel N3050 Ram 4G SSD 128G,https://www.lazada.vn/products/pdp-i2815335465.html,1.470.000 ₫
destops-computers,"Màn hình vi tính Xiaomi Redmi Desktop Monitor 27 inch, 24 inch, 22 inch Phẳng / IPS / Tần số 75Hz / FHD 1080P - Bảo hành 24 tháng",https://www.lazada.vn/products/pdp-i1712774949.html,1.690.000 ₫
destops-computers,Bộ máy tính bàn văn phòng Ram 4GB bộ nhớ 250GB bảo hành 3 tháng,https://www.lazada.vn/products/pdp-i2071947006.html,1.207.000 ₫
destops-computers,MÁY TÍNH RUNZON RZ 817 FULL BOX,https://www.lazada.vn/products/pdp-i2418439047.html,131.000 ₫
destops-computers,Bộ Máy Tính PC Gaming chuyên Đồ họa Corel cấu hình cao,https://www.lazada.vn/products/pdp-i1994585295.html,2.272.000 ₫
destops-computers,Bộ máy tính để bàn Nami Core i5 Ram 8GB SSD Có card rời chuyên game,https://www.lazada.vn/products/pdp-i2467477620.html,3.847.000 ₫
destops-computers,Bộ máy tính G41 III thanh lý văn phòng giá rẻ TẶNG PHÍM mini MỚI + CHUỘT,https://www.lazada.vn/products/pdp-i2233568635.html,1.499.000 ₫
destops-computers,"Máy tính Đồng Bộ HP 8200 Core i7. core I5 .core I3 , Ram 4GB , SSD 120GB. Tặng kèm usb wifi + Bàn di chuột",https://www.lazada.vn/products/pdp-i2286202070.html,1.200.000 ₫
destops-computers,Case máy tính đồng bộ Acer H81+core i3 + Ram 4gb/8Gb+SSD120gb/256gb tùy loại,https://www.lazada.vn/products/pdp-i2611204104.html,860.000 ₫
destops-computers,Combo main + ram+ chip+ ổ + nguồn ( đủ 1 bộ máy tính),https://www.lazada.vn/products/pdp-i595766958.html,620.000 ₫
destops-computers,"Máy Dell đồng bộ Core i7 /Ram 16GB /SSD 256GB. Máy like new đẹp 99%, zin nguyên bản.",https://www.lazada.vn/products/pdp-i2170185088.html,2.950.000 ₫
destops-computers,Combo H61 Giga - Asuz kèm I5 2xxx Ram 4G,https://www.lazada.vn/products/pdp-i2221369062.html,490.000 ₫
destops-computers,[Giảm Sốc] Máy tính Mini Pc đồng bộ Dell OptiPlex 3070 Micro gen 9 Ram 8G SSD 256G,https://www.lazada.vn/products/pdp-i3185933582.html,1.770.000 ₫
destops-computers,"Combo main h61, ram , chip core i, ổ, nguồn ( full 1 bộ, sẵn win)",https://www.lazada.vn/products/pdp-i653618004.html,700.000 ₫
destops-computers,Máy Tính Mini Học Sinh Màu Pastel Cực Xinh | Máy Tính Bỏ Túi Dễ Thương Tiện Lợi - Minkeyshop,https://www.lazada.vn/products/pdp-i3210967086.html,18.000 ₫
destops-computers,máy tính 570,https://www.lazada.vn/products/pdp-i2618914554.html,100.000 ₫
destops-computers,Combo H61 - I3 2xxx- Ram 8g,https://www.lazada.vn/products/pdp-i2542728088.html,420.000 ₫
destops-computers,"Bộ máy tính H61 cũ chiến game, văn phòng,.. cực mượt TẶNG phím + chuột + Usb wifi",https://www.lazada.vn/products/pdp-i2094701728.html,890.000 ₫
destops-computers,Cam kết rẻ Nhât Màn hình PC để bàn Tomko / K-VISION 27 inch 2K/ IPS / 2560 x 1440 / Hàng Chính Hãng chất lượng tốt,https://www.lazada.vn/products/pdp-i2050853830.html,1.590.000 ₫
destops-computers,CHUWI | Máy Tính Để Bàn Mini Cao Cấp AMD Ryzen 5 6600H Truy Rọi Tia,https://www.lazada.vn/products/pdp-i3197039998.html,13.586.000 ₫
destops-computers,"[Trả góp 0%]Máy tính PC Game LED CPU G2020 / i7-2600 / Ram 4GB-8GB / SSD 120 - 240GB / VGA 1GB - 2GB chơi PUBG mobile, PUBG lite, LOL, CF đột kích, Fifa, Cs Go, GTA 5 ... + [QÙA TẶNG: Phím chuột Game + bàn di chuột]",https://www.lazada.vn/products/pdp-i1925061493.html,2.889.000 ₫
destops-computers,"Máy tính để bàn Dell Optiplex 7040 SFF Core i5 6500 / 8G / SSD 120G ,Tặng USB wifi, Bàn di chuột -Bảo hành 24 tháng",https://www.lazada.vn/products/pdp-i1991751582.html,3.370.000 ₫
destops-computers,[Trả góp 0%]Máy tính pc chơi game pc gaming VNgame 52X0 i5 2400 card rời VGA Ram 8GB Hdd 250GB chuyên lol Free fire fifa pubg,https://www.lazada.vn/products/pdp-i396030513.html,3.997.550 ₫
destops-computers,[HCM]Máy tính để bàn G2030 - Ram 4G,https://www.lazada.vn/products/pdp-i101031173.html,890.000 ₫
destops-computers,"Bộ máy tính văn phòng, chơi game giá rẻ (Ram 4GB, Card 2gb) tùy cấu hình tặng usb wifi",https://www.lazada.vn/products/pdp-i2332179782.html,1.389.000 ₫
destops-computers,"Trọn bộ máy tính học online, xem phim, đọc báo giá rẻ, case máy tính",https://www.lazada.vn/products/pdp-i1799547539.html,1.400.000 ₫
destops-computers,"Bộ máy tính văn phòng, chơi game giá rẻ (Ram 4GB, Card 2gb) tùy cấu hình +Tặng USB wifi",https://www.lazada.vn/products/pdp-i2332290669.html,1.389.000 ₫
destops-computers,Thùng máy tính bàn - Học tập _ H61- i5 2400S- Ram 8G - SSD 128,https://www.lazada.vn/products/pdp-i2302253307.html,1.250.000 ₫
destops-computers,Mini PC Dell Optiplex 3050 5050 7050 Micro -i3 7100T,https://www.lazada.vn/products/pdp-i3173061349.html,1.850.000 ₫
destops-computers,"PC MINI LENOVO M72, NHỎ GỌN, TIỆN DI CHUUYỂN",https://www.lazada.vn/products/pdp-i3168226928.html,1.750.000 ₫
destops-computers,"Bộ máy tính để bàn I7 4770 kèm màn hình full viền 24inch New .Tặng kèm bộ phím chuột, bàn di chuột, dây mạng Lan.",https://www.lazada.vn/products/pdp-i2216569913.html,2.850.000 ₫
destops-computers,Cây Máy Tính Dell Để Bàn Vostro 3268 Core i7 6700 Ram 16GB DDR4 Ổ Cứng SSD 256GB Tích Hợp Sẵn Wifi,https://www.lazada.vn/products/pdp-i3174405798.html,4.071.000 ₫
destops-computers,"Máy trạm workstation nhỏ gọn hiệu năng cao Lenovo Thinkstation P300 SFF, Chạy CPU Intel 4th, 4 khe Ram, nhiều cấu hình",https://www.lazada.vn/products/pdp-i3176580383.html,1.600.000 ₫
destops-computers,"FULL Bộ Máy Tính Để Bàn Chơi Game core i5 chơi mượt mọi game Liên minh, fifa 4, csgo đồ họa ngon",https://www.lazada.vn/products/pdp-i2523961172.html,2.720.000 ₫
destops-computers,"Bộ Máy Tính Để Bàn Chơi Game Core i3 i5 i7 Ram 8GB SSD 256GB, VGA 4GB, Màn Hình 24 inch Gaming CHƠI FIFA,LOL,ĐỘT KÍCH,PUG.. Chiến Mọi Game - Bảo Hành 12 Tháng",https://www.lazada.vn/products/pdp-i2277049644.html,5.520.000 ₫
destops-computers,Bộ máy tính đồng bộ core i5 + Ram 8Gb + SSD 120Gb CŨ giá rẻ chất lượng tốt +Tặng USB wifi,https://www.lazada.vn/products/pdp-i2313670356.html,2.489.000 ₫
destops-computers,"Bộ Máy Tính Để Bàn Chơi Game Core i5 4570 Ram 16GB SSD 128GB+HDD 500GB, Card Màn Hình 750TI 4GB Tặng Bộ Phím Chuột Game",https://www.lazada.vn/products/pdp-i2540421386.html,6.066.000 ₫
destops-computers,"Thùng PC Plus-06 Core i7 6700, Ram 16GB RGB, VGA RX 5600XT / GTX 1660S (BH 36T)",https://www.lazada.vn/products/pdp-i2437824122.html,6.200.000 ₫
