title,url,price,rating,shop
Tai Nghe Bluetooth Chơi Game Có Khả Năng Hủy Tiếng Ồn Chủ Động,https://www.lazada.vn/products/pdp-i3219393113.html,909.000 ₫,4.0,
Tai Nghe Chụp Tai F10 Plus Bản Nâng Cấp Của Tai Nghe Chụp Tai F10 Và F20 Headphone Nghe Nhạc Cực Hay Âm Bass Mạnh Mẽ,https://www.lazada.vn/products/pdp-i1674754770.html,15.000 ₫,4.0,
"Tai nghe game thủ YD03 bluetooth 5.3 thế hệ mới máy mạnh, pin trâu, đàm thoại trực tiếp BH 1 tháng",https://www.lazada.vn/products/pdp-i2325669202.html,126.000 ₫,5.0,
Tai nghe Bluetooth không dây P2961 Bass Cực Căng Bluetooth 5.1 Chống Ồn Âm thanh nổi Chơi game Nghe nhạc,https://www.lazada.vn/products/pdp-i3072381208.html,78.500 ₫,5.0,
Tai Nghe Chụp Tai Chinh Hang SONY có míc hỗ trợ học online và chơi game chính hãng dây 3.5mm chống đứt ( SIÊU BỀN ),https://www.lazada.vn/products/pdp-i2091421034.html,149.000 ₫,4.0,
Tai Nghe Chụp Tai F10+ Plus Cho Điện Thoại - Có Thể Gấp Gọn,https://www.lazada.vn/products/pdp-i1478408408.html,24.000 ₫,4.0,
"Tai nghe chụp tai máy tính GAMING A3 có mic đàm thoại, headphone chơi game trên laptop, pc giá rẻ chất lượng cao",https://www.lazada.vn/products/pdp-i2201649858.html,79.500 ₫,4.0,
Tai nghe có dây chụp tai chân cắm 3.5 chính hãng Hoco tai nghe over ear có mic âm thanh to dùng học tập nghe nhạc chơi game,https://www.lazada.vn/products/pdp-i2907700783.html,158.000 ₫,4.0,
"Tai Nghe Máy Tính Gaming Chụp Tai Có Mic Jack Cắm USB Âm Thanh 7.1 Cao Cấp Fullbox Bass Cực hay Cho Pc,Laptop",https://www.lazada.vn/products/pdp-i2271600716.html,155.000 ₫,5.0,
Tai nghe bluetooth chụp tai B39 - Hàng nhập ( Có hổ trợ thẻ nhớ + Dây jack 3.5mm),https://www.lazada.vn/products/pdp-i291454451.html,156.000 ₫,4.0,
Anker | Tai Nghe Bluetooth Không Dây Hủy Tiếng Ồn ASMR,https://www.lazada.vn/products/pdp-i3220485134.html,5.926.000 ₫,4.0,
Tai Nghe Chơi Game Không Dây cho FPS với Bluetooth,https://www.lazada.vn/products/pdp-i3220061339.html,5.146.000 ₫,4.0,
Tai Nghe Có Dây Hủy Tiếng Ồn Cho Gaming PC,https://www.lazada.vn/products/pdp-i3219368212.html,3.849.000 ₫,4.0,
"Tai nghe chụp tai Logitech H111 - 1 jack 3.5mm, Mic khử giảm tiếng ồn, trọng lượng nhẹ, âm thanh nổi",https://www.lazada.vn/products/pdp-i260262933.html,199.000 ₫,4.0,
"[ HÀNG CHUẨN ] Tai Nghe Chụp Tai Có Mic, Tai Nghe XB450AP EXTRA BASS Âm Thanh Trầm Nghe Cực Hay đẳng cấp sành điệu - BunTech",https://www.lazada.vn/products/pdp-i2358808353.html,59.000 ₫,5.0,
DareU | Tai Nghe Chơi Game Kháng ỒnThoải Mái,https://www.lazada.vn/products/pdp-i3219938851.html,666.000 ₫,4.0,
ThinkPlus | Tai Nghe Bluetooth Hủy Tiếng Ồn Không Dây cho Gaming Thời Lượng Pin Dài,https://www.lazada.vn/products/pdp-i3228508303.html,389.000 ₫,4.0,
Razer | Tai Nghe Chơi Game 7.1 Surround,https://www.lazada.vn/products/pdp-i3220356714.html,1.277.000 ₫,4.0,
"Bose QuietComfort tai nghe II không dây Bluetooth, tai nghe nội bộ với công nghệ giảm tiếng ồn chủ động",https://www.lazada.vn/products/pdp-i3208053363.html,208.900 ₫,5.0,
(HÀNG HOT 2024 ) Tai Nghe Bluetooth Cao Cấp Màn Hình LCD Cảm Ứng A9 PRO ANC/ AEC Giảm Tiếng Ồn Chủ Động Cảm Biến Nhạy Kết Nối Linh Hoạt - Bảo Hành 3 Tháng,https://www.lazada.vn/products/pdp-i2470452950.html,168.000 ₫,4.0,
"Tai Nghe Có Dây S2000 Gaming Super Bass Chống Ồn Hiệu Quả Có Mic Đàm Thoại , BẢO HÀNH 12 THÁNG",https://www.lazada.vn/products/pdp-i2200834471.html,20.000 ₫,4.0,
"Tai Nghe A9 Pro Bluetooth Anc Enc, Tai Nghe Không Dây Bass Cực Mạnh Chống Ồn Hifi Stereo, Có Màn Hình",https://www.lazada.vn/products/pdp-i3181588480.html,159.000 ₫,5.0,
"Tai nghe Y36 Pro Bluetooth 5.3, âm thanh vòm 360°, bass mạnh, chơi game tuyệt vời, pin trâu, hộp sạc tiện lợi, tương thích đa thiết bị.",https://www.lazada.vn/products/pdp-i3166418014.html,161.000 ₫,4.0,
"Tai Nghe Gaming BQ40 Bluetooth 5.3 thế hệ mới máy mạnh độ trễ thấp, tích hợp micro đàm thoại trực tiếp - Hàng nhập khẩu cao cấp",https://www.lazada.vn/products/pdp-i2283131857.html,129.000 ₫,4.0,
"Tai Nghe Thể Thao T30 PRO -Bluetooth 5.4, Xoay 180 Độ, Đeo Được 2 Tai, Pin Siêu Khỏe,Kết Nối Ổn Định",https://www.lazada.vn/products/pdp-i2898138333.html,69.000 ₫,4.0,
Tai Nghe Chơi Game Không Dây có Mic 2.4G,https://www.lazada.vn/products/pdp-i3217915735.html,5.570.000 ₫,4.0,
"Tai Nghe Bluetooth GT280 - GT27 Thiết Kế Thể Thao, Kết Nối Bluetooth 5.4, Tích Hợp Đèn Led, Kháng Nước, Chống Ồn",https://www.lazada.vn/products/pdp-i2523793374.html,99.000 ₫,4.0,
Tai Nghe Chụp Tai F10 Plus Bản Nâng Cấp Của Tai Nghe Chụp Tai F10 Và F20 Headphone Nghe Nhạc Cực Hay Âm Bass Mạnh Mẽ,https://www.lazada.vn/products/pdp-i1669454727.html,39.000 ₫,5.0,
Tai nghe chụp tai gaming giả lập Acer/ G606/607/608 cổng usb led rgb cho máy tính pc laptop chơi game giải trí BUNOC's,https://www.lazada.vn/products/pdp-i2161593982.html,148.000 ₫,,
Tai nghe chơi game KUBITE K-15 3.5mm + USB Cắm tai nghe ngoài tai với đèn RGB có thể điều chỉnh âm lượng micrô,https://www.lazada.vn/products/pdp-i2659641332.html,99.000 ₫,5.0,
AULA-MOJING | Tai Nghe Có Dây cho PC FPS Gaming,https://www.lazada.vn/products/pdp-i3217612453.html,470.000 ₫,4.0,
AULA-MOJING | Tai Nghe Chơi Game Có Dây với Micro,https://www.lazada.vn/products/pdp-i3217650980.html,313.000 ₫,4.0,
Tai Nghe Bluetooth Không Dây Chơi Game Hủy Tiếng Ồn Chủ Động,https://www.lazada.vn/products/pdp-i3204704241.html,904.000 ₫,4.0,
"Tai Nghe Bluetooth Thể Thao XG33, Tai Nghe Thể Thao Cảm Ứng Vân Tay Tích Hợp Micro",https://www.lazada.vn/products/pdp-i3096444184.html,101.600 ₫,4.0,
"Tai nghe bluetooth SGC SM10, M66 PRO Pin Trâu 3500maH âm thanh trung thực, đèn Led đẹp mắt, hộp sạc có màn hình",https://www.lazada.vn/products/pdp-i2322070325.html,59.000 ₫,4.0,
"Jasminestyle P47 Tai nghe không dây với tuổi thọ pin dài, thiết kế có thể gập lại cho âm nhạc và cuộc gọi",https://www.lazada.vn/products/pdp-i3138662351.html,41.000 ₫,,
"Tai nghe bluetooth M10 , F9 Pro cảm ứng, pin trâu, chống nước, âm thanh tuyệt vời, cảm ứng nhạy, hộp làm sạc dự phòng - Lỗi 1 Đổi 1",https://www.lazada.vn/products/pdp-i2260145786.html,55.440 ₫,5.0,
"[SẴN HÀNG] Tai Nghe Mèo Chụp Tai Bluetooth,Tai Nghe Chơi Game Học Online Headphone Có Đèn Led",https://www.lazada.vn/products/pdp-i2758426061.html,165.000 ₫,5.0,
Tai nghe bluetooth không dây gaming P30 chơi game không độ trễ pin trâu chống nước âm thanh vòm 9D có mic thể thao chống ồn,https://www.lazada.vn/products/pdp-i1501004043.html,145.000 ₫,4.0,
"Tai nghe máy tính, laptop 2 chân tròn, thời trang, nhỏ gọn bass ấm HIFI có mic đàm thoại chơi game trên laptop, pc",https://www.lazada.vn/products/pdp-i2604445120.html,57.300 ₫,5.0,
Razer | Tai Nghe Chơi Game Không Dây Bluetooth 4 Chế Độ,https://www.lazada.vn/products/pdp-i3206377840.html,10.064.000 ₫,4.0,
Sony WH-CH720N WH-CH720 tai nghe không dây giảm tiếng ồn,https://www.lazada.vn/products/pdp-i3210085636.html,266.666 ₫,,
Tai nghe chụp tai có míc hỗ trợ học online và chơi game chính hãng dây 3.5mm chống đứt ( SIÊU BỀN ),https://www.lazada.vn/products/pdp-i1524190647.html,138.004 ₫,4.0,
"Tai nghe chụp tai Trâu vàng SANNY V2K kèm Mic, tai nghe có dây - (Màu vàng)",https://www.lazada.vn/products/pdp-i2263500580.html,56.050 ₫,,
"Tai nghe mini SK19 bluetooth 5.3 độ trễ thấp, âm thanh ấm, bass căng, kèm micro đàm thoại to rõ",https://www.lazada.vn/products/pdp-i2641021358.html,149.000 ₫,4.0,
