platform,url,id,name,price,category,crawl_time
lazada,https://www.lazada.vn/products/pdp-i3218897360.html,3218897360,"Điện thoại thông minh POCO C75 (6+128GB | 8+256GB) | Màn hình 6,88"" | Pin 5160mAh | Camera kép 50MP AI",0,smartphones,2025-10-21T02:01:01.793446
lazada,https://www.lazada.vn/products/pdp-i3216375050.html,3216375050,"Điện thoại thông minh REDMI Note 14 Pro+ 5G (8+256GB) | Màn hình 6.67"" | Snap 7S Gen 3 | Camera AI 200MP",0,smartphones,2025-10-21T02:01:02.128179
lazada,https://www.lazada.vn/products/pdp-i3139382615.html,3139382615,điện thoại SS.A10s 2sim ram 3G bộ nhớ trong 32GB nguyên zin đẹp keng,0,smartphones,2025-10-21T02:01:02.470461
lazada,https://www.lazada.vn/products/pdp-i3212560032.html,3212560032,"Điện thoại Red.mi Note 14 2sim ram 8G/256G, Cấu hình mạnh, cày game nặng siêu mượt, máy chính hãng, bảo hành 12 tháng",0,smartphones,2025-10-21T02:01:02.796237
lazada,https://www.lazada.vn/products/pdp-i2395322903.html,2395322903,[Sale 15.10] Điện Thoại OPPO A58 (6GB/128GB) - Hàng Chính Hãng,0,smartphones,2025-10-21T02:01:03.133808
lazada,https://www.lazada.vn/products/pdp-i3210658076.html,3210658076,[Sale 15.10] Điện Thoại OPPO A3 (8GB/128GB) - Hàng chính hãng,0,smartphones,2025-10-21T02:01:03.483414
lazada,https://www.lazada.vn/products/pdp-i2862520896.html,2862520896,"Điện thoại giá rẻ chữa cháy giá rẻ cho học sinh ,sinh viên , Samsung Galaxy J7 Prime 2sim ram 2G/16G Chính Hãng, Bảo hành 12 Tháng, Cảm ứng mượt lướt Wed Zalo FB Youtube chất",0,smartphones,2025-10-21T02:01:03.816917
lazada,https://www.lazada.vn/products/pdp-i2380187050.html,2380187050,Samsung j7 pro chính hãng,0,smartphones,2025-10-21T02:01:04.144562
lazada,https://www.lazada.vn/products/pdp-i3209284880.html,3209284880,"Điện Thoại Samsung Galaxy A10 Chính Hãng – Màn Hình 6.2 inch HD+, Chip Exynos 7884, RAM 2GB, ROM 32GB, Camera 13MP, Pin 3400mAh – Máy Đẹp, Bền, Giá Rẻ, Bảo Hành Uy Tín 1 Đổi 1 Trong 30 Ngày 🔥",0,smartphones,2025-10-21T02:01:04.504352
lazada,https://www.lazada.vn/products/pdp-i2537814355.html,2537814355,"điện thoại vsmart joy3 pin 5000mah giá rẻ chính hãng, điện thoại tặng đầy đủ phụ kiện bảo hành 06 tháng!",0,smartphones,2025-10-21T02:01:04.838158
lazada,https://www.lazada.vn/products/pdp-i3105282159.html,3105282159,"Điện thoại Samsung Galaxy A33 máy 2sim ram 6G/128G Chính Hãng, lướt Web Tiktok Facebook Youtube , Camera mượt",0,smartphones,2025-10-21T02:01:05.699598
lazada,https://www.lazada.vn/products/pdp-i3213665712.html,3213665712,"điện thoại A92 2sim ram 8G/256G máy Chính Hãng, Cấu hình Cao khủng, Chiến mọi game nặng siêu mượt",0,smartphones,2025-10-21T02:01:06.040552
lazada,https://www.lazada.vn/products/pdp-i2885865695.html,2885865695,điện thoại SS J3 Pro ram 2G bộ nhớ 16G bản 2 sim zin đẹp,0,smartphones,2025-10-21T02:01:06.375037
lazada,https://www.lazada.vn/products/pdp-i2829954937.html,2829954937,"Điện thoại giá rẻ Samsung Galaxy A71 2sim ram 8G/128G, Cấu hình Cao Chiến mọi Game mượt, Chụp ảnh đẹp,LNST",0,smartphones,2025-10-21T02:01:06.729821
lazada,https://www.lazada.vn/products/pdp-i2652834779.html,2652834779,Điện thoại TCL T508N có cảm ứng Có Google - Android 13 ram 3G 32G Unisoc T157,0,smartphones,2025-10-21T02:01:07.094954
lazada,https://www.lazada.vn/products/pdp-i2831759669.html,2831759669,SAMSUNG S9PLUS LƯỚT WEB BAO MƯỢT MÁY ĐẸP BAO BỀN 6G/64G.,0,smartphones,2025-10-21T02:01:07.429333
lazada,https://www.lazada.vn/products/pdp-i2741645733.html,2741645733,Điện thoại Viettel chính hãng (4G),0,smartphones,2025-10-21T02:01:07.767807
lazada,https://www.lazada.vn/products/pdp-i3212480734.html,3212480734,điện thoại 0PP0 A93 5G (8GB/128GB) | Cấu hình Cao Chiến mọi Game mượt - Hàng chính hãng Bảo hành 12 tháng có NFC,0,smartphones,2025-10-21T02:01:08.111121
lazada,https://www.lazada.vn/products/pdp-i2964314110.html,2964314110,Điện thoại asuz Zenfone 2 laze android 5.0,0,smartphones,2025-10-21T02:01:08.455105
lazada,https://www.lazada.vn/products/pdp-i3060476917.html,3060476917,Điện Thoại Samsung Galaxy A26 5G 8GB/256GB 8GB/128GB 6GB/128GB,0,smartphones,2025-10-21T02:01:08.788627
lazada,https://www.lazada.vn/products/pdp-i3044735080.html,3044735080,Điện Thoại Samsung Galaxy A56 5G 8GB/128GB - Hàng Chính Hãng,0,smartphones,2025-10-21T02:01:09.654407
lazada,https://www.lazada.vn/products/pdp-i3170665970.html,3170665970,"[SALE LƯƠNG VỀ 20-27.10] [ĐỘC QUYÊN MÀU ĐEN] Điện thoại Samsung Galaxy A16 5G (4-128GB), màn hình Super AMOLED 6.7"", kháng bụi nước IP54, bền mượt 6 năm",0,smartphones,2025-10-21T02:01:10.007252
lazada,https://www.lazada.vn/products/pdp-i3212534416.html,3212534416,điện thoại 0PP0 A53 (128GB) |Cấu hình Cao Chiến mọi Game mượt - Hàng chính hãng Bảo hành 12 tháng có NFC,0,smartphones,2025-10-21T02:01:10.349827
lazada,https://www.lazada.vn/products/pdp-i2634033513.html,2634033513,6840 iC 11Series,0,smartphones,2025-10-21T02:01:10.706492
lazada,https://www.lazada.vn/products/pdp-i3065998302.html,3065998302,Điện Thoại Thông Minh Giá Rẻ Samsung Galaxy J2 prime G532 Hỗ Trợ 4G Máy Cũ Tân Trang,0,smartphones,2025-10-21T02:01:11.065287
lazada,https://www.lazada.vn/products/pdp-i3065969434.html,3065969434,ĐIện thoại chính hãng Samsung Galaxy J4 Plus màn to giá rẻ hỗ trợ 4G LTE Máy Cũ Tân Trang Đẹp,0,smartphones,2025-10-21T02:01:11.394895
lazada,https://www.lazada.vn/products/pdp-i2658585204.html,2658585204,Điện thoại Samsung J7pro và J7prime thanh lý. máy Ram 3G. Bộ nhớ 32G. đẹp 97%. BẢO HÀNH 06 THÁNG,0,smartphones,2025-10-21T02:01:11.728446
lazada,https://www.lazada.vn/products/pdp-i2109090725.html,2109090725,"Điện thoại Samsung Note 20 Ultra 5G Ram 12/128 bản mỹ Snap 865+ mạnh mẽ, camera đẹp",0,smartphones,2025-10-21T02:01:12.067263
lazada,https://www.lazada.vn/products/pdp-i3046151363.html,3046151363,Điện thoại cao cấp Hỗ trợ 4G/5G giá rẻ học sinh Siêu CPU dien thoai mướt game Mobilephone đánh mọi gaming nặng chất dt giá rẻ,0,smartphones,2025-10-21T02:01:12.405530
lazada,https://www.lazada.vn/products/pdp-i3212493851.html,3212493851,điện thoại 0PP0 A57 (128GB) | Cấu hình Cao Chiến mọi Game mượt - Hàng chính hãng Bảo hành 12 tháng có NFC,0,smartphones,2025-10-21T02:01:12.754306
lazada,https://www.lazada.vn/products/pdp-i3103022564.html,3103022564,Samsung J6 Plus Máy đẹp RAM 3GB/32GB,0,smartphones,2025-10-21T02:01:13.628857
lazada,https://www.lazada.vn/products/pdp-i3212477768.html,3212477768,[Chính hãng]Điện thoại 0PP0_A3 pro 5G - (BH 12 tháng Lỗi 1 đổi 1 trong 30 ngày) hàng nguyên seal có NFC,0,smartphones,2025-10-21T02:01:13.993452
lazada,https://www.lazada.vn/products/pdp-i2593496201.html,2593496201,Điện Thoại Samsung Galaxy A05 4GB/64GB - Hàng Chính Hãng,0,smartphones,2025-10-21T02:01:14.340325
lazada,https://www.lazada.vn/products/pdp-i2472051500.html,2472051500,SAMSUNG A32 MÁY CÒN MỚI ĐẸP BAO MƯỢT 6G/128G.,0,smartphones,2025-10-21T02:01:14.677858
lazada,https://www.lazada.vn/products/pdp-i2826080373.html,2826080373,điện thoại samsung cũ A03 ram 3G bộ nhớ 32G máy qua sử dụng 97% tặng kèm sạc.ốp cường lực 815k,0,smartphones,2025-10-21T02:01:15.008094
lazada,https://www.lazada.vn/products/pdp-i2672450529.html,2672450529,SAMSUNG A30 RAM 4GB/64GB Máy đẹp dùng mượt,0,smartphones,2025-10-21T02:01:15.361309
lazada,https://www.lazada.vn/products/pdp-i3212508566.html,3212508566,[Chính hãng]Điện thoại 0PP0_A5 pro 5G 8/256GB - (BH 12 tháng Lỗi 1 đổi 1 trong 30 ngày) có NFC,0,smartphones,2025-10-21T02:01:15.706119
lazada,https://www.lazada.vn/products/pdp-i3219971657.html,3219971657,"Điện thoại siêu bền Blackview BV8900 ( Android 13, Màn hình 6,5 inch Ram16GB ,Rom 256GB , Bảo hành 1 năm có NFC )",0,smartphones,2025-10-21T02:01:16.045606
lazada,https://www.lazada.vn/products/pdp-i3195015472.html,3195015472,Điện thoại Giá mềm mướt game đt siêu rẻ Giảm giá sốc điện thoại Hàng mới về Giao hàng nhận tiền Cấu hình mạnh đỉnh Mới 100%,0,smartphones,2025-10-21T02:01:16.381448
lazada,https://www.lazada.vn/products/pdp-i2142317384.html,2142317384,SAMSUNG A20  MÁY SIÊU MẠNH CÒN MỚI ĐEP KHÔNG TRẦY XƯỚC 3G/32G.,0,smartphones,2025-10-21T02:01:16.759883
